"o3","co","so2","no2","pm25_frm","pressure","temperature","wind","year","state","yield_per_col","latitude","longitude"
0.03129950986858211,0.7598816665287289,1.5757247818985247,14.757244350874089,43.9,984.2284845666732,59.17666285590297,97.27797941652531,1998.0,4.0,83.0,34.969704,-92.373123
0.02561893378094839,0.8848935736434107,5.081254179722953,22.226057923028783,18.189644012944985,993.1266206237763,67.78854023999999,96.29494947443571,1998.0,12.0,71.0,44.240459,-114.478828
0.031377076770081024,0.7621160062999027,1.8049854869264064,16.714974974500873,17.985484296648185,986.1673261529852,59.7510090212444,98.79445224244311,1999.0,4.0,60.0,34.969704,-92.373123
0.032514377707581234,0.8284926239640883,2.2015117861557476,13.644303461072102,7.515871559633027,802.1189518855964,49.95843182336262,101.84099301760921,1999.0,5.0,76.0,36.116203,-119.681564
0.04270088611111111,1.360130466972477,2.9975734851936218,19.718899885714276,9.321034482758623,933.5620617096773,45.691269132275124,128.97150883470323,1999.0,11.0,48.0,21.094318,-157.498337
0.02671121080080754,0.9130386488717664,5.488539800473371,22.56769322674599,16.72455003599711,993.2353038303343,65.78021655944055,96.80721427278061,1999.0,12.0,66.0,44.240459,-114.478828
0.03822687252412393,0.8037670884293885,6.249487647166364,16.16278551748252,15.665100671140936,993.6857035892791,54.56386412653593,109.4885907917261,1999.0,13.0,81.0,40.349457,-88.986137
0.03860567179061071,0.5320750897371084,6.192163549382717,13.313340529914527,16.113514627111662,991.4227143780489,59.2795153795288,87.53411202808987,1999.0,16.0,50.0,38.526600,-96.726486
0.0287543014193227,0.7440335415525113,3.757784755494505,10.906105961480918,14.354891544931382,1012.8980430492105,69.46662407620818,78.03684942273784,1999.0,17.0,114.0,37.668140,-84.670067
0.0375055765480896,0.428766928493648,4.850314840168539,23.736455,13.850896057347668,989.2213106933918,50.744978980280905,98.53299288716622,1999.0,21.0,85.0,42.230171,-71.530106
0.02627639275766017,0.8798052722448982,3.235804694414021,1.227630765326302,9.199872448979592,861.3954417434402,47.55941214000896,84.87837005278591,1999.0,25.0,70.0,38.456085,-92.288368
0.02946482009773977,0.8068700849369609,4.971644771498417,29.01067344915558,12.25623663578047,985.4424826254356,49.77288188815486,102.82122747549553,1999.0,31.0,70.0,34.840515,-106.248482
0.03936659744510134,0.8112478970183485,5.207798323059031,17.68471179324894,15.811586794462194,991.1385185849056,60.65908427971615,89.01361173730297,1999.0,32.0,46.0,42.165726,-74.948051
0.040128050061996275,0.7877641781198459,5.494305575170432,15.289214546516662,17.000630346690667,879.2411118650135,55.98040434003497,99.09955786162688,1999.0,41.0,51.0,44.299782,-99.438828
0.030837365345281004,0.707797755121639,2.645708328247261,14.046628635687329,12.140397672162948,966.4413755396292,70.2558673881702,87.84412217324258,1999.0,42.0,81.0,35.747845,-86.692345
0.03594606967363402,0.5991516082423038,5.051246406839245,15.51940046133012,14.332741709481551,881.3616121291666,52.265522463888885,116.96579636088155,1999.0,45.0,35.0,44.045876,-72.710686
0.02946240128384214,0.6689359300866634,1.8315564111535383,15.488112140496334,16.046824087440733,880.4155333076578,60.588345883351366,98.60135388569553,2000.0,4.0,70.0,34.969704,-92.373123
0.03163451981112708,0.7227430275529532,2.2114112576530607,14.765189752318276,8.320559930008752,801.6751705820476,49.77271392794638,101.23006292183535,2000.0,5.0,60.0,36.116203,-119.681564
0.04207150561797752,1.144881193989071,3.2609840346820813,18.331156282407406,9.94030888030888,929.8880972335662,49.92393692686358,128.63886243613138,2000.0,11.0,47.0,21.094318,-157.498337
0.024782265613115872,0.770552536847916,4.7319092826712685,21.68416209177217,16.010115606936427,991.9878369135802,65.92621197278912,98.25981102852747,2000.0,12.0,61.0,44.240459,-114.478828
0.034769659571428566,0.7532277169957411,6.255780691860465,15.149471952138482,15.838024544734756,995.9338345706236,53.1333752721136,108.9622746237189,2000.0,13.0,65.0,40.349457,-88.986137
0.033431264019851116,0.6214518884910485,0.7802437658730158,9.119611749427918,11.299137931034487,981.6348953587301,54.41980072635135,88.41615441581632,2000.0,15.0,68.0,42.011539,-93.210526
0.032895831131046174,0.31226400721572517,5.684059785580961,12.998511078693626,16.3356278366112,992.2063303679523,54.849771237128564,92.5400926735537,2000.0,16.0,48.0,38.526600,-96.726486
0.029339215766143522,0.7150835992714023,3.4016037882513666,10.67440082132964,13.659067017082785,1013.4886349697804,67.39797092890993,81.68213329761905,2000.0,17.0,94.0,37.668140,-84.670067
0.032591961664841164,0.33676659045871576,4.259769085243973,13.367228733783783,13.982403680276018,990.2105452884276,49.170482605032184,97.61314916198548,2000.0,21.0,75.0,42.230171,-71.530106
0.023741816438356166,0.8265390116019635,3.7972936939495794,2.1101751833333324,11.242272449602934,863.6155693181819,45.312988321723694,86.48783573087434,2000.0,25.0,88.0,38.456085,-92.288368
0.03376343951296149,0.6547794285529889,0.19737081194690262,11.093996310270745,7.518277680140592,791.7454872686568,45.580118,92.00251761358572,2000.0,27.0,35.0,41.125370,-98.268082
0.0262368560388388,0.7820408772883815,4.835541398836854,29.744709427567344,12.830554994954596,985.475284877603,47.75939309706789,99.39427480530702,2000.0,31.0,80.0,34.840515,-106.248482
0.03743771360480781,0.7132890704895106,4.296066800988003,18.00939135130112,15.637255274662609,990.1996032977098,57.67590916955941,87.00051487440383,2000.0,32.0,49.0,42.165726,-74.948051
0.03667644619386638,0.70714868997943,5.340908857791396,14.257928689267578,16.662755681818183,894.0326271373139,52.40545732988047,101.3526706075949,2000.0,41.0,61.0,44.299782,-99.438828
0.02915384494207406,0.6147085996441275,2.3435128915165158,11.675370388396601,11.453660446300411,956.9405318005613,69.59111059134997,84.09416804779369,2000.0,42.0,79.0,35.747845,-86.692345
0.042905394059405945,1.1100105560396034,2.997706529005525,23.543874103616123,10.090425531914896,812.5332721010102,52.49246175884105,100.77026112581167,2000.0,43.0,41.0,31.054487,-97.563461
0.031413992345544,0.5450296692833627,5.332631839133089,14.488990173258548,14.633309404163677,941.9204660140648,45.16001941942604,119.38152024447513,2000.0,45.0,42.0,44.045876,-72.710686
0.030715854443666923,0.6307407648935477,1.7602715406273166,14.972828658906895,16.373491358024676,862.0905647410195,60.49163133576363,98.7805172702637,2001.0,4.0,61.0,34.969704,-92.373123
0.030114905039566854,0.7009368742056075,2.555095195093458,16.36364159469555,8.96726572528883,803.2076090341233,50.718738517353884,99.70507032567028,2001.0,5.0,55.0,36.116203,-119.681564
0.01873763559322034,0.5270031180507893,4.110801651826484,3.965327755894589,4.401035196687371,879.3039193293413,59.412639369877034,30.482476343045107,2001.0,10.0,87.0,33.040619,-83.643074
0.0367484854517611,1.1406044773358002,11.938156603829162,20.192815290322578,9.19345839345839,933.4104799391424,47.35141317148936,128.3405976520548,2001.0,11.0,46.0,21.094318,-157.498337
0.026643932445290192,0.7984638909981632,4.369308205377906,23.406346834178702,15.745575435203104,994.5708175055681,66.94161576391983,100.44884277712538,2001.0,12.0,76.0,44.240459,-114.478828
0.03640239387044966,0.6657457858328722,5.992904227053141,13.356093090909095,15.678370531663946,995.0666015064021,54.67928184742524,109.79169040599767,2001.0,13.0,76.0,40.349457,-88.986137
0.032731997670083876,0.37281591213389115,0.7499738572549021,9.075440988292684,11.356071428571429,980.8655411663495,57.97445960056926,94.79734129744615,2001.0,15.0,51.0,42.011539,-93.210526
0.03305709473805678,0.378509853238265,4.3347437532281194,11.935772726245657,15.83089115885876,992.254301690411,57.46902529656041,91.96236301780822,2001.0,16.0,78.0,38.526600,-96.726486
0.026317101603638104,0.7973008972222222,3.097762289861752,10.323892437891804,12.462852512155589,1013.2103660027934,67.63450176944707,78.63641270511629,2001.0,17.0,106.0,37.668140,-84.670067
0.03671255488639475,0.30054550160642574,3.520735050332051,18.27103442905405,14.066253478370863,985.3296659541406,50.56086626518919,102.65493290823375,2001.0,21.0,60.0,42.230171,-71.530106
0.03420866305443547,0.6067450554023567,0.6701247624356774,10.147063329000812,7.9606115107913675,805.3721934863015,47.75078023765996,85.34327088401827,2001.0,27.0,50.0,41.125370,-98.268082
0.029077162066525115,0.6892306589701297,5.040976549128237,29.006849360724235,12.928323051037573,985.7649582689014,49.8317437152403,100.10811241597382,2001.0,31.0,70.0,34.840515,-106.248482
0.037329210605152784,0.6868922954545456,3.306356729377714,16.77908860458453,14.133265116279073,992.4195662769955,59.80085657694493,90.34527516844348,2001.0,32.0,44.0,42.165726,-74.948051
0.03619953654786863,0.7014179908386186,4.870936625754791,14.674097107671601,15.065122265122266,879.7427420164835,53.387704764150925,101.12424323291437,2001.0,41.0,59.0,44.299782,-99.438828
0.028849812435106603,0.5690653239638604,1.958645150667629,11.69587788442844,10.804459986241692,964.9407557062565,68.29182868881799,82.88032853079302,2001.0,42.0,79.0,35.747845,-86.692345
0.04285565328628142,0.9366855436,3.2207341864640884,24.12346130453698,11.4216824111561,811.0859271519337,51.464203935685404,106.33053066758497,2001.0,43.0,38.0,31.054487,-97.563461
0.034603139788928,0.5398624533943964,4.148822988906009,14.721710727805693,13.973467192542124,954.7889267026283,47.82257498022599,120.18472954761903,2001.0,45.0,52.0,44.045876,-72.710686
0.03217676460384511,0.586027956310528,1.5395285450331655,14.5083989102107,16.65805048690556,851.0248852724503,60.120219149819384,98.50448702724736,2002.0,4.0,50.0,34.969704,-92.373123
0.019413227272727273,0.5144937395411607,5.541851375634517,4.568234119999999,4.238186462324394,879.176082879452,59.64833967488585,34.541246503652964,2002.0,10.0,136.0,33.040619,-83.643074
0.04000473552894211,0.7717682872687703,4.54648338305709,9.45200109329446,8.619031531531528,933.3023525926089,48.6971982227758,119.130205166998,2002.0,11.0,57.0,21.094318,-157.498337
0.027291331151261235,0.7770029546008531,3.709618152752293,22.8633696564756,14.926759259259248,995.4130316195461,64.7146059464594,99.11634649720743,2002.0,12.0,80.0,44.240459,-114.478828
0.03919527740614334,0.6887998207705192,5.524789499297011,14.02727567762771,15.164514939136849,996.015425323096,54.66887632521589,107.07847369478529,2002.0,13.0,62.0,40.349457,-88.986137
0.029545536300777872,0.4680062461538461,1.2361640372578242,8.233576854912762,11.384471603163188,974.580963253652,56.9277775504587,93.54379485365851,2002.0,15.0,52.0,42.011539,-93.210526
0.03302262869932854,0.384679773433584,3.3529925138167465,10.99380914036201,14.961532873229206,992.2175993945206,58.515656408293104,87.7041438890411,2002.0,16.0,54.0,38.526600,-96.726486
0.02535878238841979,0.6415889262135922,3.4007990611961056,9.385584378816347,11.022408874801897,1013.5436163534246,68.87022181593407,76.53275843824338,2002.0,17.0,124.0,37.668140,-84.670067
0.03756396511031299,0.36483818731343276,2.784669758336456,19.347672344285723,13.597487046632123,972.1228131877963,49.36188046470963,100.91390099461387,2002.0,21.0,77.0,42.230171,-71.530106
0.034567066025360735,0.5519892601351354,3.3532031521987897,11.572771827875297,13.762494341330918,999.2597646657536,51.283942989853905,95.94858892278287,2002.0,24.0,50.0,32.741646,-89.678696
0.024451714836223506,0.667677856837607,3.0791155958677683,3.9324671585976665,7.924437869822485,896.365278596685,45.012668877688355,85.25015883087248,2002.0,25.0,63.0,38.456085,-92.288368
0.034198125948592416,0.6102513203392145,0.3038119691780821,11.14586733581857,8.829239766081871,807.7846702978721,46.36245498221093,92.96308418401016,2002.0,27.0,62.0,41.125370,-98.268082
0.030539327660891104,0.6063764003639674,4.484520873814857,27.586227830910865,12.433895414929905,987.8189151220364,50.89103188831294,102.9676080797121,2002.0,31.0,98.0,34.840515,-106.248482
0.03838012416418066,0.6728409826321882,3.6856235316214936,14.712056649295777,13.404334532374108,992.0218193972219,59.46741884569733,82.87849148961422,2002.0,32.0,42.0,42.165726,-74.948051
0.03571995436199937,0.6347451696724331,4.869148938031259,15.54376245523193,13.883182076006804,879.5830713846153,54.410131781746024,99.4097416077348,2002.0,41.0,61.0,44.299782,-99.438828
0.028697433803301243,0.4958360780080601,1.2545596547619045,10.718850081542245,10.932809832707406,969.1224436091744,68.27675793521013,84.06359605157324,2002.0,42.0,67.0,35.747845,-86.692345
0.04324218792555607,0.9369460087649402,2.926826362002567,24.334786259946945,11.625746120175092,810.8139704890108,50.981419009540645,102.37551704925374,2002.0,43.0,59.0,31.054487,-97.563461
0.037008361481481476,0.48022416420274566,3.9628125518814143,14.581944593373485,13.285381498987165,953.9298243703702,49.22965056231003,100.01001189402984,2002.0,45.0,38.0,44.045876,-72.710686
0.03157746422045055,0.5449370395345223,1.2892469810970462,13.821317448311149,14.307806004618959,839.2537350396726,60.77379576260134,99.42465451904147,2003.0,4.0,67.0,34.969704,-92.373123
0.02271121751412429,0.6214951085910652,7.509709400780381,4.416899230769231,4.464736297828335,882.3581050164385,60.248506340679526,39.24092375433789,2003.0,10.0,114.0,33.040619,-83.643074
0.037319973000000006,0.8765715890027959,7.248271364383562,7.546806558904109,7.348457847840987,931.973594219393,49.737469050149706,112.00858810679262,2003.0,11.0,46.0,21.094318,-157.498337
0.026767196529713207,0.679866341589267,3.5349184536657976,24.163574587044522,14.427451531329018,994.9578015368957,60.85416803336808,98.42379313379503,2003.0,12.0,60.0,44.240459,-114.478828
0.036245188541942294,0.6820412810492505,5.5336371512030995,14.252965626823796,14.689775668679896,996.1209489328571,52.76386621796992,98.09106771705964,2003.0,13.0,56.0,40.349457,-88.986137
0.030060337353549276,0.3122790682643427,1.3136030868562645,8.746288467966579,11.356914119359535,969.1576548806048,57.69745990087888,91.28989041733332,2003.0,15.0,57.0,42.011539,-93.210526
0.0319998374811463,0.5073428995391706,3.337365649048152,10.33252546904762,14.209311740890692,990.1344083442623,56.59076589619638,92.76322066575342,2003.0,16.0,48.0,38.526600,-96.726486
0.026803916122794293,0.8040062488436632,3.3383113876146786,9.844406867924533,11.769137766465164,1011.5783505778609,67.16316371388366,81.73351048983452,2003.0,17.0,90.0,37.668140,-84.670067
0.0357881340054094,0.3164046340782122,2.8103253730973448,19.69578389337176,13.426465225319099,967.1653326839593,47.97314097725768,99.63419134269958,2003.0,21.0,74.0,42.230171,-71.530106
0.0344990558718111,0.5540584247281053,3.2633353952331956,11.68271628605834,13.153981481481475,998.0981933917808,49.56384624696674,95.51482448431783,2003.0,24.0,53.0,32.741646,-89.678696
0.02638901479289941,0.6767979964804223,2.844879732336367,3.0997793631105406,10.150920245398773,895.7239849835615,46.97978140872298,92.95072601385391,2003.0,25.0,66.0,38.456085,-92.288368
0.034258898940703775,0.6182693004429509,0.42093166519823794,11.156426808253295,8.105815279361458,808.6749378438359,48.938505607681755,95.88415711911358,2003.0,27.0,64.0,41.125370,-98.268082
0.029372357803762066,0.6511728751205399,4.453733275432031,26.619195216743705,12.213196480938416,990.4694419747522,47.82723499162275,98.2911008541901,2003.0,31.0,72.0,34.840515,-106.248482
0.03480695168067224,0.676867073015873,3.7330551789473683,15.151744238620688,13.024151363383421,990.832778849315,58.90320429963503,86.90362821393727,2003.0,32.0,44.0,42.165726,-74.948051
0.02877350795053003,0.9783243123156338,1.413888888888889,13.686818405228756,8.756586690810325,928.9232440395871,52.10415250194315,107.03163041105748,2003.0,36.0,51.0,35.565342,-96.928917
0.03340680849489418,0.7120227243947858,5.222545271784582,12.006855006663248,14.005773922472214,878.135034975,53.1076467674784,103.5703584922764,2003.0,41.0,40.0,44.299782,-99.438828
0.02971893342646821,0.5410434185015724,1.6770570404294585,10.461909670046273,11.840126883425857,968.7924919128445,68.30157974250079,86.33374125391273,2003.0,42.0,67.0,35.747845,-86.692345
0.04442088923766816,0.8349778948685855,2.4307105319320943,21.327989947168007,8.755134281200634,811.1860409834711,52.910723717577085,104.02117556757992,2003.0,43.0,57.0,31.054487,-97.563461
0.03171269703622391,0.47121748649393597,3.666130302693696,15.95803409197423,13.135534696614151,941.3550591166667,45.606110431372535,114.62989619131832,2003.0,45.0,37.0,44.045876,-72.710686
0.029072208550287748,0.967991889260724,1.4887021224489798,14.068308013084106,8.6897512437811,966.3195377984375,51.79106538556396,81.86123192940036,2003.0,46.0,56.0,37.769337,-78.169968
0.03141642503605609,0.48492018867009445,1.46333770994152,12.85670467209502,13.858603491271834,859.3007601825417,60.77646528096577,96.85569364637956,2004.0,4.0,45.0,34.969704,-92.373123
0.0201796,0.61714003874269,6.217178930259365,4.050464507122506,3.9393133997785155,885.7282057178684,60.730411049826174,42.89872445480881,2004.0,10.0,96.0,33.040619,-83.643074
0.037893184237461616,0.9926283050139276,3.9678408797814213,6.607004336470587,9.161144578313252,929.090763244415,48.48886704674593,106.97572393576698,2004.0,11.0,63.0,21.094318,-157.498337
0.02546281731547244,0.6830798207321243,3.7732183756924087,22.5540673147262,13.206065664997222,995.4645470419111,55.01346966733334,98.03242457390319,2004.0,12.0,55.0,44.240459,-114.478828
0.034012831010221664,0.6751305762355416,5.530663297307375,11.217489221722841,13.374222411589262,998.1843389476857,53.46801028595855,98.80907444846797,2004.0,13.0,59.0,40.349457,-88.986137
0.02773400061218243,0.37132330382436257,1.1713083670360107,8.377346847695392,10.144693140794228,972.4555656254665,57.29211830021786,91.73684547935783,2004.0,15.0,80.0,42.011539,-93.210526
0.030416598212037276,0.6500760138312586,3.7666133916723856,9.596194294442252,13.06423115244105,994.8853131505497,57.61290583757961,89.02764525900275,2004.0,16.0,56.0,38.526600,-96.726486
0.02724857868020305,0.7007288080808081,3.5966944960883573,9.432552099883326,11.306865965834428,1013.0248896348621,68.31678965352886,81.32381146143315,2004.0,17.0,98.0,37.668140,-84.670067
0.0334092697243346,0.31266594298245615,3.1292729003816797,16.309166737169516,11.862541806020072,971.3440636105947,48.45947211293097,98.63675725964255,2004.0,21.0,67.0,42.230171,-71.530106
0.03176415826238812,0.43351544168392,3.4923762440990216,10.978309366613422,12.058453473132369,999.1146362076506,48.93945237274221,95.04502236514936,2004.0,24.0,41.0,32.741646,-89.678696
0.024632034985422737,0.6070774991055455,2.8161466703296703,1.0183759154929577,7.987940234791888,896.1782400928964,47.36207608943946,79.90792168207282,2004.0,25.0,77.0,38.456085,-92.288368
0.033660788297172894,0.64306695048143,1.5635465068870524,10.971274540673791,7.45756880733945,806.5144617010311,45.44297314069264,95.93563875869565,2004.0,27.0,55.0,41.125370,-98.268082
0.02728330483654737,0.5571890882501261,3.724588737104291,25.1617284030075,11.452359002169203,990.1714368054369,47.902312972003706,99.82377490830278,2004.0,31.0,67.0,34.840515,-106.248482
0.032224799347299715,0.6104265340611353,3.1865732894545458,13.773102975342468,13.515988476773495,992.4144695683059,59.48372756808357,83.72255639363955,2004.0,32.0,40.0,42.165726,-74.948051
0.03155274985645933,0.5010515232600732,5.4184999950124695,18.93166697041847,14.451987433410732,1004.9249999285715,39.825215666666665,113.05679004761906,2004.0,34.0,58.0,47.528912,-99.784012
0.02454505911330049,0.9083510010972933,1.8753656499999998,10.191856885496184,9.253651354534748,929.1773541928803,51.7900892894137,107.8411995230397,2004.0,36.0,54.0,35.565342,-96.928917
0.03342388068010833,0.638055201315124,5.013647378820067,11.38831053801479,13.185932495688593,879.6172887896178,54.2141275628931,101.17496444893949,2004.0,41.0,54.0,44.299782,-99.438828
0.02877298220451527,0.4333300467169917,1.7875018425851867,9.819091810610383,11.39282848545637,969.5166910819677,68.36535034066414,85.28891533774441,2004.0,42.0,76.0,35.747845,-86.692345
0.04085598258977149,0.7488277786760991,2.25599144375,21.941416884118198,12.912546676624347,830.1285040243054,52.2457365232137,107.37234254842889,2004.0,43.0,70.0,31.054487,-97.563461
0.030135273795334587,0.4032484163454124,3.591140095251397,14.311316970341212,13.296968576709794,901.9406758351649,51.64817811111111,118.15987545646068,2004.0,45.0,38.0,44.045876,-72.710686
0.02536488088792635,0.9370805520760025,1.7285904013282736,12.559010338912135,9.487772087067862,967.1960479223455,51.86403821034208,85.72976473642323,2004.0,46.0,63.0,37.769337,-78.169968
0.030089226335002935,0.45956891503442693,1.3583496624051137,12.641250857030728,13.005752496106977,877.6451773591394,61.097041250016105,96.73827049956265,2005.0,4.0,75.0,34.969704,-92.373123
0.029837560251398037,0.5397534507799187,1.6507058396418854,7.096445878073258,9.768655020593664,1016.115423299435,73.82772191501417,75.25525074222222,2005.0,8.0,86.0,39.318523,-75.507141
0.01710996132596685,0.5038515361842104,7.977258508077997,4.103972199999998,4.228753180661577,886.0850456767123,60.82280082054793,40.34600054178082,2005.0,10.0,131.0,33.040619,-83.643074
0.03518072357723576,0.9215868129298487,3.9276947306843266,6.966589915422886,9.415053763440861,923.4492520503924,47.501427545130426,119.22078115498412,2005.0,11.0,37.0,21.094318,-157.498337
0.028854361477814453,0.5931371558935365,3.562299879337131,21.880387971530247,15.833676168086983,994.7519361898562,52.84892375559381,97.73316742095643,2005.0,12.0,85.0,44.240459,-114.478828
0.037665211621041306,0.5748479626787582,5.3457236246345765,12.097246234977211,16.145042016806734,996.965361832009,53.99479725499575,97.84901150273973,2005.0,13.0,64.0,40.349457,-88.986137
0.030279945768025073,0.472908477090909,1.2460963281045752,8.518908842452834,11.450621799561084,972.7631030350522,58.28769401156546,94.92447434600511,2005.0,15.0,50.0,42.011539,-93.210526
0.033403856373900497,0.5312317706043957,4.212453462251042,9.813822628526022,15.35931034482759,995.6558735308987,58.48211297059321,87.94463975616436,2005.0,16.0,50.0,38.526600,-96.726486
0.02976974964945824,0.5734045142255005,3.512248118113912,9.462042409538741,12.657994877424079,1012.5311823255817,68.12941810976744,79.9107434266257,2005.0,17.0,97.0,37.668140,-84.670067
0.03643768513480088,0.29495792783869823,3.1015322857142857,17.494469097457625,13.925169902912614,971.5984866837302,49.98283600446255,94.56134232744377,2005.0,21.0,68.0,42.230171,-71.530106
0.03860672899066254,0.43871176526717565,3.3715653874898455,11.064056243308999,14.606800853918877,997.5206086739726,61.62225400131511,94.660972471893,2005.0,24.0,50.0,32.741646,-89.678696
0.025806359861591695,0.5627130302631577,3.0036287807839064,3.4684956074766355,8.688945578231289,895.7730791863013,46.63493750926594,81.9543098888889,2005.0,25.0,67.0,38.456085,-92.288368
0.02945822493638676,0.5002565362836722,3.9102760764202324,26.19490251445087,12.552208073692764,987.8009739489082,49.548740109507825,98.97425467420116,2005.0,31.0,73.0,34.840515,-106.248482
0.03565041662901041,0.5713699561403508,2.9519875331695333,12.695051714285713,13.812686567164183,991.1367135232874,58.365355428167035,80.18363604184103,2005.0,32.0,54.0,42.165726,-74.948051
0.03486480954231853,0.4874016030449314,5.552682580034056,19.526696031746038,16.7079734219269,1002.2122559283746,55.705703903581266,118.51712816807911,2005.0,34.0,69.0,47.528912,-99.784012
0.024998864559819412,0.8256805959967319,1.6121376269592476,11.442767934210526,9.9148667601683,928.276896855403,51.01842994348245,106.16165079667897,2005.0,36.0,42.0,35.565342,-96.928917
0.035471133909614816,0.5772661920965969,4.706008179174481,10.416811337444491,14.690719602977667,878.1207474164381,55.15139844472789,98.60814711275336,2005.0,41.0,55.0,44.299782,-99.438828
0.03107724203240691,0.4102761074136478,1.764005991667929,9.96660483421517,12.132924449400614,979.293785794745,69.17062833316248,85.57544692503424,2005.0,42.0,71.0,35.747845,-86.692345
0.04294391304347826,0.7232807193259609,2.114452191291935,21.49263596084657,10.29977728285078,836.913765289586,52.859224432537495,112.14814363243072,2005.0,43.0,45.0,31.054487,-97.563461
0.03312791678622669,0.4693015056338027,4.827285065753425,12.430204488078537,9.97107558139535,984.6906994285713,30.913169642857145,94.75042782589284,2005.0,44.0,91.0,40.150032,-111.862434
0.031711139849096334,0.46675734466911767,3.78544650345044,14.231058017302054,13.830441400304423,902.0121992395211,50.299615669863016,114.74760964548022,2005.0,45.0,37.0,44.045876,-72.710686
0.025037983794089613,0.8966820578734858,2.4759025630769234,13.12836206228956,9.625332225913622,967.2910049719006,51.47469716904399,67.43737714616405,2005.0,46.0,55.0,37.769337,-78.169968
0.03645767573313783,0.5740904400944987,2.153954508434864,17.44488953544835,8.93803720333547,856.0993788571428,66.64023897081564,89.63725509981434,2006.0,2.0,65.0,61.370716,-152.404419
0.03166339687960365,0.4641937400158479,1.3016915753828584,12.647926877664371,12.807759103641459,873.7923084155509,61.052820082273804,98.20064624672771,2006.0,4.0,52.0,34.969704,-92.373123
0.03173134514234967,0.5330661193212187,1.463269974795564,7.0402174495619505,9.217467315293401,1017.7626861013698,72.73847271805555,74.1128970614673,2006.0,8.0,81.0,39.318523,-75.507141
0.013738585635359115,0.3991896840909091,9.31568945232816,4.099948064102563,4.1444943820224704,881.0482876383563,60.61078364255911,38.704503383561644,2006.0,10.0,93.0,33.040619,-83.643074
0.036089995967741935,0.6417016340782123,1.1846838939393942,6.457556292479107,7.681828703703703,928.108423771852,49.655163090045406,117.62532701563784,2006.0,11.0,44.0,21.094318,-157.498337
0.02622957616262878,0.5147287887811636,3.070374113309352,21.010135215015335,13.034773840391814,992.8517211154115,54.12849968377088,99.6711063295755,2006.0,12.0,66.0,44.240459,-114.478828
0.03445724505611971,0.5919433825691284,4.803068475640379,10.281123450647254,12.967822275353658,997.074415515278,54.51093437459844,94.14898304624734,2006.0,13.0,54.0,40.349457,-88.986137
0.03233995317937361,0.40584709628378385,1.3988063942953024,7.692232487636002,9.515859375,972.937271891752,58.96404357199522,98.13031731977422,2006.0,15.0,55.0,42.011539,-93.210526
0.03164368852695302,0.665964589385475,3.453134252256769,9.398989345218808,13.633561151079139,995.0708893758572,57.811655075610204,90.90613050821918,2006.0,16.0,56.0,38.526600,-96.726486
0.029079994248741907,0.37335228061224496,3.16805366432052,8.905083813739054,12.632566302652116,1012.9392032790489,68.89093056816105,83.65598168022748,2006.0,17.0,90.0,37.668140,-84.670067
0.03345620379575235,0.28512619241071413,2.966439033553875,15.03961144931507,11.84029702970296,970.7499816236054,50.75648322468779,98.7145417121282,2006.0,21.0,55.0,42.230171,-71.530106
0.03755850604490501,0.414896910938434,3.158697404860155,10.417101755962669,12.164536849222443,996.7504859096207,58.62833807008943,98.3372818411095,2006.0,24.0,46.0,32.741646,-89.678696
0.028547132596685083,0.5365641656626505,2.335790410876133,3.4362955643044613,8.957455268389669,896.1046247982197,47.61971342492011,75.15412886037736,2006.0,25.0,79.0,38.456085,-92.288368
0.028533588814493884,0.47973179610027866,3.2493268792622447,23.93318623887972,10.523414768048315,988.0945165329815,50.80483753067826,103.56411457214307,2006.0,31.0,64.0,34.840515,-106.248482
0.03567449573218046,0.5590739849383842,2.836960048484848,11.85333315815486,13.090044461627686,991.3772502027398,59.561294235881675,84.97568237909515,2006.0,32.0,50.0,42.165726,-74.948051
0.033140178004866155,0.4263040049554013,4.360088981691079,16.82724749172794,13.28708288482238,1001.6339040931506,56.30811033057851,121.03181423287674,2006.0,34.0,56.0,47.528912,-99.784012
0.028205595413595415,0.6910835326418547,1.4929944602739726,11.085933294117645,9.258490566037734,928.0552456654484,51.513413999278825,106.61224144790418,2006.0,36.0,48.0,35.565342,-96.928917
0.036860250741839774,0.5786553159912378,4.596791418418102,10.824347280758552,13.794865810968497,877.3270097075208,54.538796347859915,103.79497282579891,2006.0,41.0,55.0,44.299782,-99.438828
0.031139956829731513,0.3754428434610303,1.4293685734013806,9.403942591506448,11.17199484369964,987.833386157748,70.1715129322597,86.35436084784084,2006.0,42.0,70.0,35.747845,-86.692345
0.042048087740752055,0.6472180664615385,2.0153803016281064,19.208403753390254,9.183786472148538,835.0486928016994,52.5730196876743,101.21978667478558,2006.0,43.0,50.0,31.054487,-97.563461
0.030076744475138126,0.3988476830985916,4.30062622739726,10.560104627808991,8.331602373887243,988.1395107457507,48.6883290070922,103.34887662818693,2006.0,44.0,56.0,40.150032,-111.862434
0.03323044176912569,0.46512217305194814,3.185076062519937,12.490314270484825,12.693665507918107,897.3582728444446,51.23108669037658,120.87032580924856,2006.0,45.0,42.0,44.045876,-72.710686
0.02756676422764227,0.8040427522222222,1.3050023760683762,8.004152744471744,8.998622273249138,990.8169669298615,50.98911688379207,88.8351151986301,2006.0,46.0,52.0,37.769337,-78.169968
0.031365225024979106,0.4352489231526705,1.0555401956246615,12.127261068082614,12.935788973384023,850.9975836099518,61.121425245686055,99.3120317869746,2007.0,4.0,40.0,34.969704,-92.373123
0.030982703626042024,0.5053634827788366,1.3560690408706724,6.252803372163385,8.886359033704615,1016.8590052472728,75.00915981718751,70.44136460217113,2007.0,8.0,71.0,39.318523,-75.507141
0.013047545454545454,0.384419060356653,6.50177428491436,3.7759897063711914,4.011563169164883,881.0431091863019,59.89056014092953,36.91451700479453,2007.0,10.0,92.0,33.040619,-83.643074
0.037443030303030304,0.551732553030303,1.33508343019943,4.551912664285714,8.677244897959184,926.879431340824,50.32751389591077,119.02959680409835,2007.0,11.0,41.0,21.094318,-157.498337
0.02897940342389283,0.44098256812420783,3.048993679965754,21.264328002088767,13.880427251732096,994.4841757654831,52.78462741823243,100.06376350197807,2007.0,12.0,63.0,44.240459,-114.478828
0.038725318145269375,0.5306442252901159,4.334369509831015,10.361727297637795,14.199622271964197,997.5970388373207,53.81557189613015,94.88542539854014,2007.0,13.0,53.0,40.349457,-88.986137
0.029650385943279903,0.43101588469601676,1.9184630492285086,6.648731407678243,10.368832309043023,975.2546089161672,58.50632722034565,96.54076356102605,2007.0,15.0,40.0,42.011539,-93.210526
0.036572966719914814,0.5910625900277009,3.856613650840751,9.066264208246341,14.523983169705476,996.1220376657535,59.34965991316377,91.09351985068493,2007.0,16.0,61.0,38.526600,-96.726486
0.02700778467708478,0.3817268511235955,3.9249938465818754,8.599790668741353,11.07264887063655,1013.3670344840183,67.9220985097312,77.485761243379,2007.0,17.0,89.0,37.668140,-84.670067
0.031026384128809658,0.15801760919540225,0.5724147054794522,2.2803419108527136,4.581818181818182,1008.54019549863,47.08107182182105,107.96310099918796,2007.0,18.0,26.0,31.169546,-91.867805
0.03676630767269945,0.2694528091236495,3.518837049555273,16.855735866666667,12.05782486596886,975.0946635381314,50.0140783397613,99.15620393721903,2007.0,21.0,64.0,42.230171,-71.530106
0.03809758742632612,0.41766939109589046,3.0340251697060716,10.072494400967846,13.234169577643701,997.937100460274,66.4230507405303,96.19874821300702,2007.0,24.0,46.0,32.741646,-89.678696
0.02798557766990291,0.4140880840886204,2.4612035082493113,3.460020439597315,9.524907292954262,883.7914318662902,47.37094204897595,57.71457656537752,2007.0,25.0,68.0,38.456085,-92.288368
0.03476053220796757,0.5268281709866222,0.1570220782608696,12.072983750738327,7.513549618320608,882.098188402174,47.847874995584995,111.18718639506173,2007.0,27.0,28.0,41.125370,-98.268082
0.029590748674744424,0.4558898410942957,3.2773139734132477,23.517281839029778,11.570173137460651,990.1057963652748,49.267711616979916,102.54189864606747,2007.0,31.0,57.0,34.840515,-106.248482
0.038936127057274526,0.479135474644128,2.5713121975060336,12.489748668515956,12.816313276026746,992.6542872328764,59.54116644665887,85.34377923243645,2007.0,32.0,45.0,42.165726,-74.948051
0.03574542054135621,0.4039969089456872,4.016383567334294,14.772057409746054,14.637020766773162,988.0832354438355,55.94148226849315,118.5587011630137,2007.0,34.0,61.0,47.528912,-99.784012
0.024742653932584267,0.5659585523215523,1.2103924267100978,9.175625560296846,8.32125322997416,929.4686171866066,51.56583013187303,108.06761307044994,2007.0,36.0,43.0,35.565342,-96.928917
0.041142542362399497,0.5142900475888326,4.681308787020649,12.942518958133153,13.952806009721606,878.4560373315069,55.99345638707165,100.37700243325529,2007.0,41.0,65.0,44.299782,-99.438828
0.028111032711906528,0.3289803878602084,1.2327130815290435,9.361661212084828,11.345885865958852,993.4093782598171,68.65248937388158,83.02495283580313,2007.0,42.0,82.0,35.747845,-86.692345
0.042678951155308564,0.6410803725609755,1.9331138869323448,20.35872533944953,10.791262458471762,849.0734834510968,54.774581370657344,88.59534703862126,2007.0,43.0,42.0,31.054487,-97.563461
0.03142990921595599,0.4606910865800865,4.558462217032966,10.765984499999995,8.648706896551726,991.7437767049562,47.871965262266365,103.48713432912513,2007.0,44.0,64.0,40.150032,-111.862434
0.03609819142367068,0.3665462393502912,3.438083928130784,11.003556196988711,12.663220998055735,897.3243022742381,47.92593976376554,117.92365808258258,2007.0,45.0,46.0,44.045876,-72.710686
0.025129342317224277,0.7971919777777778,1.230044636627907,8.181896307167236,8.828427205100956,982.6363657630435,49.124891385731566,98.53132659876195,2007.0,46.0,44.0,37.769337,-78.169968
0.03262488821414307,0.4098706633509023,1.021137359459459,11.63294290405638,12.766337013922236,941.6312155361899,61.96684091732316,99.53966939243718,2008.0,4.0,51.0,34.969704,-92.373123
0.02932630960666457,0.4358961461052632,1.2441019949861458,5.217228160199885,7.690383147611051,1018.1167622256268,72.7214087310345,70.43672339275956,2008.0,8.0,79.0,39.318523,-75.507141
0.017330289808917196,0.3792017988668556,14.87400753650946,3.4233951207386357,4.971338912133891,881.3488160218579,59.69823838166894,35.23260250204917,2008.0,10.0,90.0,33.040619,-83.643074
0.03763457650862069,0.6932491454545455,1.1753638557993729,3.041861973856209,8.908613445378151,927.7811657488758,46.700544677090576,112.53023623403263,2008.0,11.0,40.0,21.094318,-157.498337
0.027155114128333963,0.41149285840707955,2.771654795850927,21.48002889119737,11.741027801179447,993.7307286282287,50.954714366258116,101.16839570959651,2008.0,12.0,56.0,44.240459,-114.478828
0.03458481112477791,0.5362371932251908,4.32819134789916,10.08322308418079,12.45813318777293,997.9717656315953,50.33125461198188,97.06033605501113,2008.0,13.0,67.0,40.349457,-88.986137
0.031225645487364624,0.25994115943396223,1.4909184791881667,8.7583057739726,10.991473812423868,983.8813974502564,47.58361099925597,108.32361641346154,2008.0,14.0,62.0,39.849426,-86.258278
0.034166735114725545,0.3871589122562674,2.745676050724638,7.7502598149186746,12.229612676056336,997.2048380451565,56.32985661259956,92.76714817039107,2008.0,16.0,39.0,38.526600,-96.726486
0.026586411508638275,0.28289995000000007,3.606482111033275,7.93918224651711,10.024253578732115,1012.788784964912,67.18089289136489,81.9492650725508,2008.0,17.0,77.0,37.668140,-84.670067
0.030061885721968263,0.16336098041349287,1.1924305570216778,7.016261508695654,5.583783783783785,1008.308174942623,47.34114005887031,102.65423545344467,2008.0,18.0,42.0,31.169546,-91.867805
0.035261389613778706,0.27210304182509504,3.7961833114754104,12.793247804407713,10.709150788049874,972.4006162794626,48.188542405075246,102.52454405346255,2008.0,21.0,73.0,42.230171,-71.530106
0.03476189469997667,0.3169395382513662,3.5977689848286682,8.950556092862096,11.94418933239138,996.5438445491802,60.25514499883121,98.65849616921686,2008.0,24.0,53.0,32.741646,-89.678696
0.026162173814898423,0.3909698155286343,2.4023608360433606,1.4968419147540983,7.882542579075427,881.4268483736265,44.41758640829188,61.045048265593564,2008.0,25.0,70.0,38.456085,-92.288368
0.03452153352932941,0.5247661407307169,0.00659176404494382,14.592011724489797,8.314035087719297,879.8638857486335,50.37745676836156,134.4478613714286,2008.0,27.0,29.0,41.125370,-98.268082
0.028819078614923204,0.39261253089887654,2.68271185276945,22.97127941443851,10.370204402515729,990.1077756726697,48.774676351480295,102.00278830115808,2008.0,31.0,70.0,34.840515,-106.248482
0.03559399245750308,0.47045754013539653,3.0913376348160346,11.20537098342541,11.67800380228137,992.27123202459,56.936131129642376,91.51414954085465,2008.0,32.0,52.0,42.165726,-74.948051
0.03157348725895317,0.1749199019607843,0.7682100785261753,2.7071088550093343,6.936694677871149,945.2165772980857,40.49222360013639,108.26703835697035,2008.0,33.0,90.0,35.630066,-79.806419
0.03464979217791413,0.3996501386485855,3.730564257591997,12.915462332402235,12.807670753064809,987.1219669713115,53.977949277322416,118.18370635519125,2008.0,34.0,53.0,47.528912,-99.784012
0.025540031828703708,0.4694630097222221,1.0640933846153848,10.87991167703349,9.184423676012463,929.0036863415315,50.83968517722087,108.12638246840692,2008.0,36.0,43.0,35.565342,-96.928917
0.03655359061833687,0.4217105232452142,4.540883938908363,10.970853762037677,12.274157303370787,877.4005139338844,54.42662212975913,103.0792300614241,2008.0,41.0,61.0,44.299782,-99.438828
0.02902189062347069,0.25850164919354834,0.9641689185967769,8.23222541999068,10.810948477751753,992.6879116206578,68.84615504556196,85.81434294716352,2008.0,42.0,64.0,35.747845,-86.692345
0.03993069248895435,0.5475153329815301,2.0170741200733273,18.20430679832304,9.678804827789225,833.4891685407122,52.7644661631266,117.07150252459016,2008.0,43.0,48.0,31.054487,-97.563461
0.031107495786516854,0.40706331830601095,3.5656970355191255,10.088412000000002,7.80451612903226,992.3119495882999,47.20210146364133,99.79760183970099,2008.0,44.0,66.0,40.150032,-111.862434
0.03315033451536645,0.31420452813852806,2.799152185127567,9.373846434426229,11.291001540832054,896.704959664835,50.086256017808225,117.57333975857144,2008.0,45.0,42.0,44.045876,-72.710686
0.024599180851063822,0.6437299669876203,0.6544089945355192,10.610544990990993,8.645682989690727,984.6238568577118,48.323674220807234,101.35460612960895,2008.0,46.0,44.0,37.769337,-78.169968
0.031301790214753836,0.3711781701213741,0.9425044712665586,11.024119810853291,11.394292756920754,979.8208782094299,61.58172598675022,100.1341878900369,2009.0,4.0,33.0,34.969704,-92.373123
0.028586651936887354,0.37647454813108033,0.9872946343108913,5.118711595509077,7.141054360812427,1017.7101455934065,72.59332383720931,75.9964922140845,2009.0,8.0,68.0,39.318523,-75.507141
0.019748714689265538,0.3480702572614108,17.58833756982671,3.8378729901269395,4.639047619047619,880.3205479616437,59.55299035753425,39.35254825616439,2009.0,10.0,95.0,33.040619,-83.643074
0.03660292361111111,0.43902887517934003,1.2822401150943397,8.035483162679427,8.923943661971832,927.2306781454255,45.423783209844565,103.9881319954526,2009.0,11.0,46.0,21.094318,-157.498337
0.0268853999236058,0.40397431626884417,1.8486928574395767,18.661462171032362,10.987249143416541,993.7703636969129,49.459837958620696,97.3312711777127,2009.0,12.0,34.0,44.240459,-114.478828
0.03145177691904636,0.5820941655808906,3.0577375830015097,11.011376602730376,11.954173486088383,997.8558175992439,51.45347429504189,92.32354632603499,2009.0,13.0,32.0,40.349457,-88.986137
0.029931909288598943,0.24320713125590182,0.8190706289190451,8.0674257647868,10.639972838388413,984.1088830312668,48.400379558551826,101.58808620019919,2009.0,14.0,42.0,39.849426,-86.258278
0.029918058051869735,0.6362375823293173,2.197293355169128,6.780205604625548,10.81277145811789,996.2084074722017,56.46498233129494,92.93272640069989,2009.0,16.0,35.0,38.526600,-96.726486
0.026816525216706074,0.22311771506849315,3.3970253265447026,7.354691947914264,9.111605415860735,1012.0963937890416,68.08198127538881,83.39970010074626,2009.0,17.0,103.0,37.668140,-84.670067
0.02926032774674115,0.18534648920187793,1.266280182683159,6.589396315169365,6.416666666666666,1007.7574049056606,47.3155198992629,104.7711884176854,2009.0,18.0,50.0,31.169546,-91.867805
0.032819766240681586,0.2766193849431819,2.2606205316455696,12.658247506849312,9.846049119060321,972.8336551090398,48.00469830975022,97.39040142991001,2009.0,21.0,60.0,42.230171,-71.530106
0.03363773291165068,0.28547451757408676,3.424026583127233,7.977420044688896,10.904721603563475,996.0025830027398,56.418071420640736,95.02864019423593,2009.0,24.0,47.0,32.741646,-89.678696
0.031060497658079625,0.34581469749616756,2.0517958879668052,2.0298786240428797,7.6068639798488675,896.3117431068492,44.36752976244049,79.290063969863,2009.0,25.0,70.0,38.456085,-92.288368
0.027481119912948864,0.360427933137986,1.5519498001978242,13.749493254738786,9.22109911678116,1023.0997880054795,51.424959095890415,94.85225318405797,2009.0,29.0,32.0,43.452492,-71.563896
0.028166934568009082,0.3703832272982062,1.9801031733668344,17.758488195073237,9.033316075588921,991.2139414833654,48.37104682970817,99.05541529315029,2009.0,31.0,65.0,34.840515,-106.248482
0.030972901159640187,0.41325377249683143,2.2973430731272297,11.00555569009009,9.389607881012164,992.0018946054794,56.85852101437585,91.17795195014496,2009.0,32.0,45.0,42.165726,-74.948051
0.030610921043478262,0.16611927146814406,0.8703579074652781,2.671356307330826,6.242285714285714,946.364089610983,39.5559021166856,110.30982257857144,2009.0,33.0,77.0,35.630066,-79.806419
0.031494261516035,0.3406948024976874,3.3064476087539636,11.02734795800525,11.932050567019898,987.0075994698631,52.59231566200215,101.76863921900406,2009.0,34.0,50.0,47.528912,-99.784012
0.027462772300469483,0.4460150880330125,1.5875326246575343,10.359543484149855,8.786423505572442,931.7241242286262,51.0184004995821,105.17760553142384,2009.0,36.0,34.0,35.565342,-96.928917
0.031491449957081544,0.40181468493150685,2.966794588888889,8.371150168451104,10.835612903225808,877.1099315123287,52.80175103508773,97.7454514954604,2009.0,41.0,51.0,44.299782,-99.438828
0.028874555581947747,0.22371894704871043,0.8106119197405753,7.265805470588242,10.004713804713798,992.0294365439167,68.87035701850265,87.29681614350467,2009.0,42.0,63.0,35.747845,-86.692345
0.03870300805822717,0.48367321523178797,2.3865913702677743,15.222811171178044,10.01732016054338,853.8583741959412,52.28307407513729,115.36450365817771,2009.0,43.0,38.0,31.054487,-97.563461
0.02977278779472954,0.3790551547945205,2.7740828438356164,8.672333100430416,6.9904166666666665,992.4368365208562,46.46106488858398,99.79737209522501,2009.0,44.0,49.0,40.150032,-111.862434
0.029730398372735646,0.24598348275862061,2.091943411025537,8.607947716794735,9.29475609756098,896.4989298547944,49.85026768356163,112.6612570816733,2009.0,45.0,39.0,44.045876,-72.710686
0.02673782614601019,0.5459913517730497,0.7293208044077134,7.435427554347827,9.036860068259386,979.2691409691589,49.76237237377903,86.9731034206349,2009.0,46.0,44.0,37.769337,-78.169968
0.0313763736315962,0.3441388312982398,0.7135003875351453,10.037476477281281,9.952694295054306,979.0523237935282,60.58689958647152,99.82152278913334,2010.0,4.0,67.0,34.969704,-92.373123
0.039695444055047435,0.3825040466856735,1.6205916465753425,9.56468556258725,7.023192771084339,809.5165609861111,50.22448533949066,97.19891342082471,2010.0,5.0,56.0,36.116203,-119.681564
0.030235456073833884,0.30267184430787225,0.912615461847947,5.69384466018307,7.511249619945268,1016.8123287753423,70.99041014423075,81.86864862776244,2010.0,8.0,69.0,39.318523,-75.507141
0.020952536986301368,0.28696113835616444,17.52082274818928,2.6248878674033143,3.5962962962962965,881.2724488575343,59.560473991440794,38.67302235684931,2010.0,10.0,77.0,33.040619,-83.643074
0.03595492679459843,0.31244756730769235,1.411776342541437,7.2206436417445445,7.50235546038544,927.555530374674,48.28296130613,91.34733783609173,2010.0,11.0,27.0,21.094318,-157.498337
0.029776748152527347,0.4141461687681863,1.8649426462856,17.104014835037802,11.895046054269358,993.2464476112185,53.60494591956019,101.21238628496204,2010.0,12.0,41.0,44.240459,-114.478828
0.034228521515988965,0.5667713135192006,3.0700245268862014,12.5278824516129,12.947569510119163,996.3798950537499,53.90247211303939,97.39195897752903,2010.0,13.0,43.0,40.349457,-88.986137
0.03275160074626866,0.24711439962651732,0.8914380322295805,8.722203988405798,11.551835568256765,983.7823885525357,50.1050446390486,102.83725911930928,2010.0,14.0,49.0,39.849426,-86.258278
0.03406129196523857,0.434544044137931,2.379851219181233,7.260089791780822,11.687979002624667,996.0025108935657,56.86084162742281,102.0413703746631,2010.0,16.0,67.0,38.526600,-96.726486
0.028858716538563475,0.24722392520775624,3.514481524349287,7.116121867421557,9.852185582822091,1011.3235993751504,68.19379298609434,84.04552108237284,2010.0,17.0,80.0,37.668140,-84.670067
0.03513183809055117,0.2989598997175142,2.4790481129476585,4.731880135802469,9.323678474114441,974.0757257255527,50.590717340515575,102.42293835410631,2010.0,21.0,58.0,42.230171,-71.530106
0.036674306097806406,0.26565464811643835,3.6734409837216724,8.864674052529182,11.999841395717684,996.0810204410959,52.74753589214105,98.11776610998243,2010.0,24.0,52.0,32.741646,-89.678696
0.02967318126148193,0.3203314801223241,1.9481025574931887,2.223386827493262,8.610110974106043,895.2311147643836,45.43297128622286,73.81283674274405,2010.0,25.0,74.0,38.456085,-92.288368
0.031817853211009155,0.3440168978593272,1.3941742926722245,12.54527580735632,9.200188679245283,1020.1698477835614,53.534961953424656,123.88320802499997,2010.0,29.0,35.0,43.452492,-71.563896
0.030956793798995855,0.38233852345958175,1.5093688211300569,13.94390261562897,9.072079314040733,989.0872569920615,50.11808904653143,106.9312596454814,2010.0,31.0,64.0,34.840515,-106.248482
0.03584975148440032,0.4505146742543172,1.4145666201011375,10.63096172689655,10.409355080614926,990.6322341369863,58.17539202810457,100.8834609555767,2010.0,32.0,46.0,42.165726,-74.948051
0.03248927840909091,0.17196172602739726,0.9384240194613381,2.9659724978861792,7.223249299719889,947.1406278409804,40.14551332263394,106.50614405158728,2010.0,33.0,91.0,35.630066,-79.806419
0.03521289773248875,0.37233272670652723,2.8891623053183695,10.482407782712128,12.733882575757567,985.9597782068491,53.115472777679365,105.63160702014927,2010.0,34.0,62.0,47.528912,-99.784012
0.025051990229885048,0.4156325130111524,1.3237687589041096,9.054466978082193,6.908629707112969,935.2903738626469,51.348643165057055,104.22240770666573,2010.0,36.0,39.0,35.565342,-96.928917
0.0364639017101399,0.40971153515981734,3.4965383975983975,9.964436389830503,12.372466960352423,876.3695995454545,53.20766731142409,101.58665634216594,2010.0,41.0,63.0,44.299782,-99.438828
0.029635280533535844,0.22132994738819978,0.8830492508610003,7.467039236584749,10.125100748416815,991.1519569268737,68.2103296999526,88.45741943355475,2010.0,42.0,72.0,35.747845,-86.692345
0.04098937520506211,0.4503434167987322,2.4019228162355035,10.96667358700882,9.053904282115875,852.9714303488687,52.72044222089314,121.08946135341364,2010.0,43.0,30.0,31.054487,-97.563461
0.03209604532163742,0.37322161917808205,2.3672684121037464,8.103303402282451,7.174789915966385,989.4962732694843,48.71047653761671,103.99451478979147,2010.0,44.0,65.0,40.150032,-111.862434
0.03599038785989364,0.2384274424898511,1.7479541808415395,8.559722130110416,10.126463414634149,895.3977049833335,50.25855256712329,124.33965761380146,2010.0,45.0,37.0,44.045876,-72.710686
0.024452556768558953,0.5603052136986302,0.9205572923076923,6.28955039005736,6.928378378378381,968.9292403269552,50.03144065989348,76.09146009999999,2010.0,46.0,37.0,37.769337,-78.169968
0.03173814893063344,0.3606510500381967,0.852353468660969,10.175349183557799,10.952343129467835,985.0800183970999,60.08131109690365,100.05742619119349,2011.0,4.0,48.0,34.969704,-92.373123
0.04135249727159342,0.3386389883939775,1.7867685495495493,8.275910635931936,6.543395390070922,815.0662062215712,49.024440383720986,98.50355163017115,2011.0,5.0,55.0,36.116203,-119.681564
0.027392744827586208,0.46772390439276484,8.069759883615557,2.764821082503556,3.3704347826086956,881.213584471233,64.86056910213559,36.58595092694065,2011.0,10.0,74.0,33.040619,-83.643074
0.03837655684454756,0.27286616133518776,1.867977826685007,10.417882034482759,5.625,922.7138638543371,48.02622844890675,100.0684396284722,2011.0,11.0,36.0,21.094318,-157.498337
0.033788523099486656,0.5410278703007518,2.6992669380177516,10.092562243223448,11.796996573271512,995.2310165032145,53.49343279746255,96.66143122906527,2011.0,13.0,51.0,40.349457,-88.986137
0.0321136563522761,0.2121049130434782,1.359769900994036,7.783591549511856,10.644019442096374,985.9090753636792,52.868457311457895,96.19785915949494,2011.0,14.0,62.0,39.849426,-86.258278
0.033724618787547775,0.4410980451895044,1.8738496469633747,6.110071582062232,10.521505989731889,995.4493637378995,58.23342062953019,99.01008062785387,2011.0,16.0,39.0,38.526600,-96.726486
0.02847418508287294,0.22170284065934065,4.213625549167113,7.120034339110988,9.7132739781465,1011.5160896481591,67.84597850083568,84.59661919379018,2011.0,17.0,77.0,37.668140,-84.670067
0.03322078553563985,0.31601125950783,2.4208049186206897,6.897452532741401,9.283754320659403,988.6079865394223,49.32075190456,97.04976240389004,2011.0,21.0,64.0,42.230171,-71.530106
0.037683972323759814,0.27243976712328766,3.468872079751883,14.242240404761905,12.071473684210526,988.9660480785784,46.41161007809012,96.69633034477599,2011.0,24.0,43.0,32.741646,-89.678696
0.0318129656448203,0.22058435253906256,1.6365404971403434,2.082102070351758,6.020806794055201,895.0704040164385,44.97192698189911,86.69431798802815,2011.0,25.0,92.0,38.456085,-92.288368
0.029226179526356,0.39579606750241086,1.635318081874647,15.225837789176456,9.897915425848721,1011.4107513043,54.75312937045202,104.35324386666667,2011.0,29.0,41.0,43.452492,-71.563896
0.036492167293876124,0.40533523831347384,0.5761799914285715,7.56965605283505,6.556103678929769,837.8913609506845,60.184225833289695,98.58542838324173,2011.0,30.0,56.0,40.298904,-74.521011
0.029445939559486645,0.329045290975448,1.4964260874064643,13.026948982975572,9.231882591093118,988.2913966756139,49.14124284316503,96.1693006499627,2011.0,31.0,56.0,34.840515,-106.248482
0.03551290173796792,0.4323678284982935,0.9311007019390583,8.957481210526318,9.63450368443866,991.3614743123288,58.984819222739986,93.6416180541463,2011.0,32.0,62.0,42.165726,-74.948051
0.03222729733727808,0.16659668405797104,0.6648036472452035,2.4774354737010893,6.0005763688760805,945.5540265701547,42.234547583137626,103.86955870849603,2011.0,33.0,71.0,35.630066,-79.806419
0.03312022555943163,0.3176558054288319,2.8202185035490612,10.545469963946864,11.631342140532269,982.9232357379605,53.96346709484874,106.69889340563239,2011.0,34.0,66.0,47.528912,-99.784012
0.025565704453441293,0.3385338219178083,0.7413727345132743,9.404290394285713,8.543244990303815,937.6936677933128,50.0729769671177,108.37870452055081,2011.0,36.0,34.0,35.565342,-96.928917
0.029682987964513918,0.2279568528784649,2.592283589118606,10.172281538915813,11.333401849948615,985.5470426763636,59.88150130142566,96.76043354170038,2011.0,37.0,44.0,44.572021,-122.070938
0.03558654729931361,0.3812329245973646,2.488772650363517,9.26528383541667,10.932770270270272,876.9241199671234,55.28977574529781,103.16723547484274,2011.0,41.0,44.0,44.299782,-99.438828
0.032032968717512524,0.21640843103180768,0.7787385455407966,7.046560108056686,11.108853118712274,993.5241919026955,70.19957250117486,89.88701500451396,2011.0,42.0,58.0,35.747845,-86.692345
0.04079094551495018,0.4308109633471646,1.3469044281786942,9.040386887738856,8.312358318098722,843.7888054751508,50.38269943179573,109.96922087469083,2011.0,43.0,39.0,31.054487,-97.563461
0.031097033189033185,0.3456009566502464,2.641478139726028,7.898348531732418,7.5549160671462845,991.0932658382275,48.205871145289436,100.53078784119933,2011.0,44.0,43.0,40.150032,-111.862434
0.03429637286628735,0.2542239228944247,1.1759001599366588,8.203284966359195,9.465016286644952,952.8483648398329,54.555777884865364,117.56794589385477,2011.0,45.0,40.0,44.045876,-72.710686
0.025485647006255583,0.6293883180428135,0.6738310138888889,5.8108150063897765,7.728645833333333,979.7257792312778,48.960521254209034,91.3599690319403,2011.0,46.0,38.0,37.769337,-78.169968
0.032697384843440376,0.3500150040327882,0.6906000777910378,9.633878302969205,10.481231671554244,985.3855660410168,62.24672452695619,100.49467277376783,2012.0,4.0,35.0,34.969704,-92.373123
0.04212460863520506,0.3107415437293729,1.1257112510638299,7.561362102325576,7.3346289752650184,813.3983198663241,51.70404542467426,95.4210398480205,2012.0,5.0,48.0,36.116203,-119.681564
0.028942211529411774,0.23609376285189726,0.506292429436804,4.545653058447934,7.111095927849139,1015.2727835245904,72.99368306740533,75.73171866969274,2012.0,8.0,64.0,39.318523,-75.507141
0.024552403361344538,0.49409531173708937,13.38534052626707,2.852102758468336,3.751754385964912,881.2163932431695,64.4555302816773,42.560598477293794,2012.0,10.0,75.0,33.040619,-83.643074
0.035876695812807884,0.2885924883720931,1.3558553214774283,10.515198832116791,5.945,918.7672682653364,50.14714515449577,99.24014822420077,2012.0,11.0,32.0,21.094318,-157.498337
0.036128073623328115,0.5634035359999999,2.4997370886247365,9.528125848812094,10.695962376691904,996.1248957479488,55.36158407715319,95.21150600060543,2012.0,13.0,59.0,40.349457,-88.986137
0.03570098216983982,0.22523656365313652,1.331495058769231,5.997578898113205,9.916741371582251,987.2090590413229,54.36255272179384,98.27484081668041,2012.0,14.0,61.0,39.849426,-86.258278
0.0351349355224674,0.32327945679012343,1.5044815329280647,6.061612859178082,9.676436031331596,996.0754521519107,59.787578288317675,95.3433919002976,2012.0,16.0,51.0,38.526600,-96.726486
0.027865710679611657,0.22201329916897508,3.166514469705392,6.976247499299129,9.101991525423728,1011.833664130028,69.0875517270706,81.71361872636302,2012.0,17.0,86.0,37.668140,-84.670067
0.03668946137826581,0.2692058449879436,2.0888037807633593,9.96235457661583,9.226046025104605,989.7494946253372,51.861094191265146,99.8509336481825,2012.0,21.0,57.0,42.230171,-71.530106
0.030625324045407635,0.08429412560128273,0.37426552441297056,5.981087906315057,7.99114971050455,989.1802561573771,38.44896243409743,101.44894085386666,2012.0,22.0,67.0,43.326618,-84.536095
0.0396940851519875,0.2751378306010928,3.652596918435755,14.164931913407823,10.26926315789474,1719.8992449586212,51.555216263727644,97.52512690717697,2012.0,24.0,53.0,32.741646,-89.678696
0.02961355541821179,0.09607782819383259,1.135084614013771,1.4531410574886536,4.855833333333333,895.1773135081968,47.26352905911474,88.84147544999998,2012.0,25.0,52.0,38.456085,-92.288368
0.02974838643292683,0.4253950183649289,0.9188540660330166,13.158453561456108,8.976806297441666,1011.3027107052922,54.84826722262774,103.868899181694,2012.0,29.0,33.0,43.452492,-71.563896
0.03688030456006668,0.32993886051282045,0.48128012818991095,7.335666911857959,6.830132158590309,844.0602558897482,61.913691122048384,93.96025687021859,2012.0,30.0,52.0,40.298904,-74.521011
0.02966031804334579,0.29079929776357827,1.2046128113739618,13.178988414067684,8.665758241758246,982.5564279510435,51.15979279508469,98.67982746084137,2012.0,31.0,51.0,34.840515,-106.248482
0.03285525109068971,0.34236071123595496,0.6349534629120878,8.781099755162238,8.45847880299252,989.548837367378,58.7183100151611,92.08579955319371,2012.0,32.0,39.0,42.165726,-74.948051
0.030418010072942,0.17606139071038254,0.7975744256524726,2.8672365634019044,6.359154929577464,943.9090111082041,45.42071814736843,107.80157752164949,2012.0,33.0,69.0,35.630066,-79.806419
0.03596391909137314,0.33180370347359484,2.2133713722567276,13.805623148058253,10.742189260232825,987.8018365969139,55.58751916861828,105.64775483723103,2012.0,34.0,60.0,47.528912,-99.784012
0.028179006888633756,0.3024842225352113,0.6213998275862069,9.15999568169014,7.875625823451908,936.8665081128555,51.7851420962623,109.22587716253014,2012.0,36.0,32.0,35.565342,-96.928917
0.02969224437039822,0.2265124038531443,2.2005697086941045,8.681655422455929,10.883066076859272,986.4169530300547,59.364829285447755,98.50231612181304,2012.0,37.0,60.0,44.572021,-122.070938
0.035469664840858624,0.3735079317711923,2.0404185618535378,8.961232507951351,10.022697368421053,920.8101502987247,56.813655121584695,101.58255584636224,2012.0,41.0,61.0,44.299782,-99.438828
0.030949935474466752,0.21881579799612147,0.5433313472769251,7.030180979305504,10.349392971246008,994.0705356402551,70.63890721834963,86.12221524258814,2012.0,42.0,52.0,35.747845,-86.692345
0.041114002816504715,0.3933067787878787,0.9310542853457171,8.177167825796033,7.868849139385754,3520.475550085784,54.186265366498574,113.57471007019146,2012.0,43.0,38.0,31.054487,-97.563461
0.0320819972027972,0.2910021122740247,1.6508513787878785,6.989561291248206,6.744071588366891,991.5583692899837,49.79938134919757,100.20867605111114,2012.0,44.0,60.0,40.150032,-111.862434
0.03397993209124151,0.29155660055096405,0.6803615276211951,7.882859942002605,8.593643512450857,951.3754341597793,54.712479763401106,116.7070883816156,2012.0,45.0,41.0,44.045876,-72.710686
0.027004883461047256,0.6240157726027395,0.5866550588235294,6.9510670255536615,7.455499367888749,995.4095290066857,50.06615801511877,93.27318232828782,2012.0,46.0,41.0,37.769337,-78.169968
