"o3","co","so2","no2","pm25_frm","pressure","temperature","wind","yield_per_col"
0.03129950986858222,0.7598816665287286,1.575724781898525,14.757244350874076,43.9,984.228484566674,59.17666285590283,97.27797941652527,83.0
0.025618933780948393,0.8848935736434108,5.0812541797229525,22.22605792302879,18.189644012944985,993.1266206237761,67.78854024,96.29494947443568,71.0
0.031377076770081086,0.7621160062999027,1.8049854869264068,16.714974974500862,17.985484296648213,986.1673261529838,59.75100902124442,98.79445224244293,60.0
0.03251437770758122,0.8284926239640881,2.201511786155748,13.644303461072111,7.515871559633029,802.118951885596,49.95843182336263,101.84099301760916,76.0
0.04270088611111111,1.360130466972477,2.9975734851936213,19.718899885714286,9.32103448275862,933.5620617096774,45.69126913227514,128.9715088347032,48.0
0.026711210800807534,0.9130386488717664,5.488539800473373,22.567693226746016,16.724550035997137,993.2353038303343,65.78021655944059,96.80721427278064,66.0
0.038226872524123955,0.8037670884293886,6.249487647166361,16.162785517482515,15.66510067114094,993.6857035892789,54.56386412653593,109.48859079172611,81.0
0.03860567179061072,0.5320750897371085,6.192163549382714,13.313340529914528,16.11351462711166,991.422714378049,59.27951537952881,87.53411202808988,50.0
0.028754301419322708,0.7440335415525114,3.7577847554945056,10.906105961480927,14.354891544931387,1012.8980430492103,69.46662407620819,78.03684942273782,114.0
0.037505576548089586,0.42876692849364795,4.850314840168541,23.736455,13.85089605734767,989.2213106933916,50.7449789802809,98.5329928871663,85.0
0.026276392757660166,0.8798052722448978,3.23580469441402,1.227630765326302,9.199872448979592,861.3954417434403,47.55941214000897,84.87837005278593,70.0
0.029464820097739767,0.8068700849369612,4.971644771498418,29.01067344915559,12.25623663578047,985.4424826254353,49.77288188815485,102.82122747549559,70.0
0.03936659744510132,0.8112478970183488,5.207798323059029,17.684711793248947,15.811586794462196,991.1385185849058,60.65908427971615,89.01361173730298,46.0
0.04012805006199629,0.7877641781198458,5.494305575170434,15.28921454651666,17.000630346690677,879.2411118650134,55.98040434003497,99.09955786162688,51.0
0.030837365345281007,0.7077977551216384,2.6457083282472595,14.046628635687323,12.14039767216295,966.4413755396291,70.25586738817024,87.84412217324261,81.0
0.03594606967363401,0.5991516082423043,5.051246406839248,15.519400461330125,14.332741709481546,881.3616121291662,52.26552246388889,116.96579636088153,35.0
0.029462401283842213,0.6689359300866642,1.8315564111535387,15.488112140496359,16.0468240874407,880.4155333076575,60.588345883351366,98.60135388569563,70.0
0.03163451981112708,0.722743027552953,2.211411257653061,14.765189752318287,8.320559930008745,801.6751705820476,49.77271392794635,101.23006292183538,60.0
0.04207150561797752,1.1448811939890708,3.2609840346820813,18.3311562824074,9.940308880308882,929.8880972335662,49.923936926863554,128.63886243613138,47.0
0.024782265613115865,0.770552536847916,4.731909282671272,21.684162091772162,16.010115606936406,991.9878369135798,65.92621197278909,98.2598110285275,61.0
0.03476965957142857,0.7532277169957413,6.255780691860464,15.14947195213849,15.838024544734758,995.9338345706242,53.133375272113575,108.9622746237189,65.0
0.03343126401985111,0.6214518884910484,0.7802437658730159,9.119611749427916,11.299137931034478,981.6348953587303,54.41980072635135,88.41615441581632,68.0
0.03289583113104618,0.31226400721572517,5.68405978558096,12.998511078693625,16.33562783661121,992.2063303679522,54.84977123712854,92.5400926735537,48.0
0.029339215766143525,0.7150835992714026,3.4016037882513657,10.67440082132963,13.659067017082785,1013.4886349697802,67.39797092890994,81.68213329761905,94.0
0.03259196166484118,0.3367665904587156,4.259769085243976,13.367228733783787,13.98240368027602,990.2105452884277,49.170482605032134,97.61314916198552,75.0
0.023741816438356163,0.8265390116019632,3.7972936939495794,2.1101751833333333,11.242272449602936,863.6155693181819,45.31298832172375,86.48783573087432,88.0
0.033763439512961506,0.6547794285529883,0.1973708119469026,11.093996310270727,7.518277680140598,791.7454872686568,45.580118,92.00251761358575,35.0
0.026236856038838793,0.7820408772883818,4.835541398836854,29.744709427567347,12.830554994954587,985.475284877603,47.75939309706784,99.394274805307,80.0
0.037437713604807805,0.7132890704895105,4.296066800988004,18.00939135130112,15.637255274662616,990.1996032977099,57.67590916955942,87.00051487440382,49.0
0.03667644619386639,0.7071486899794298,5.340908857791397,14.257928689267596,16.662755681818187,894.0326271373132,52.40545732988049,101.35267060759493,61.0
0.029153844942074028,0.6147085996441282,2.343512891516518,11.675370388396612,11.453660446300397,956.9405318005616,69.59111059135002,84.09416804779363,79.0
0.04290539405940594,1.110010556039604,2.9977065290055247,23.543874103616126,10.090425531914889,812.5332721010102,52.49246175884108,100.77026112581169,41.0
0.031413992345544026,0.5450296692833628,5.3326318391330885,14.488990173258568,14.633309404163677,941.9204660140648,45.16001941942604,119.38152024447513,42.0
0.030715854443666847,0.630740764893548,1.7602715406273146,14.972828658906892,16.373491358024676,862.0905647410202,60.491631335763806,98.78051727026345,61.0
0.03011490503956683,0.7009368742056076,2.5550951950934584,16.36364159469556,8.967265725288826,803.2076090341234,50.71873851735391,99.7050703256703,55.0
0.01873763559322034,0.5270031180507893,4.110801651826485,3.965327755894594,4.401035196687369,879.3039193293415,59.41263936987704,30.482476343045114,87.0
0.036748485451761105,1.1406044773358,11.93815660382916,20.19281529032258,9.193458393458394,933.4104799391423,47.35141317148938,128.34059765205478,46.0
0.026643932445290182,0.798463890998163,4.369308205377907,23.4063468341787,15.7455754352031,994.5708175055678,66.9416157639198,100.44884277712539,76.0
0.036402393870449676,0.6657457858328722,5.992904227053138,13.356093090909086,15.678370531663946,995.0666015064022,54.67928184742525,109.79169040599771,76.0
0.032731997670083876,0.3728159121338913,0.749973857254902,9.075440988292687,11.356071428571436,980.8655411663498,57.97445960056926,94.79734129744618,51.0
0.03305709473805679,0.378509853238265,4.334743753228121,11.935772726245652,15.83089115885875,992.2543016904109,57.469025296560424,91.96236301780822,78.0
0.026317101603638093,0.7973008972222223,3.097762289861751,10.323892437891812,12.46285251215559,1013.210366002793,67.63450176944704,78.63641270511629,106.0
0.036712554886394744,0.3005455016064258,3.5207350503320525,18.271034429054048,14.066253478370852,985.3296659541422,50.56086626518917,102.65493290823375,60.0
0.03420866305443546,0.6067450554023566,0.6701247624356776,10.147063329000806,7.960611510791363,805.3721934863014,47.750780237659974,85.34327088401824,50.0
0.02907716206652513,0.6892306589701299,5.040976549128238,29.00684936072423,12.928323051037587,985.764958268903,49.831743715240314,100.10811241597382,70.0
0.03732921060515277,0.6868922954545456,3.306356729377714,16.779088604584512,14.133265116279066,992.4195662769952,59.800856576944916,90.34527516844348,44.0
0.03619953654786862,0.7014179908386187,4.87093662575479,14.674097107671606,15.065122265122266,879.7427420164832,53.38770476415093,101.12424323291437,59.0
0.028849812435106554,0.5690653239638608,1.9586451506676292,11.695877884428448,10.804459986241689,964.9407557062564,68.29182868881807,82.88032853079302,79.0
0.04285565328628143,0.9366855435999999,3.220734186464089,24.123461304536985,11.421682411156098,811.0859271519338,51.464203935685404,106.33053066758492,38.0
0.03460313978892798,0.5398624533943965,4.1488229889060095,14.721710727805691,13.973467192542127,954.7889267026278,47.82257498022599,120.18472954761904,52.0
0.03217676460384499,0.5860279563105274,1.5395285450331662,14.50839891021069,16.65805048690555,851.0248852724492,60.12021914981945,98.50448702724756,50.0
0.01941322727272727,0.5144937395411606,5.5418513756345185,4.56823412,4.238186462324393,879.1760828794519,59.64833967488585,34.54124650365297,136.0
0.040004735528942126,0.7717682872687704,4.546483383057089,9.45200109329446,8.619031531531531,933.3023525926081,48.69719822277581,119.13020516699801,57.0
0.027291331151261235,0.7770029546008532,3.7096181527522933,22.86336965647561,14.926759259259262,995.4130316195458,64.7146059464594,99.11634649720745,80.0
0.03919527740614339,0.6887998207705192,5.524789499297015,14.027275677627717,15.164514939136847,996.0154253230951,54.66887632521597,107.07847369478527,62.0
0.029545536300777876,0.46800624615384606,1.2361640372578242,8.233576854912759,11.384471603163194,974.5809632536522,56.927777550458714,93.54379485365855,52.0
0.033022628699328524,0.3846797734335841,3.352992513816746,10.99380914036202,14.961532873229203,992.2175993945208,58.51565640829312,87.70414388904109,54.0
0.02535878238841979,0.6415889262135923,3.400799061196105,9.38558437881635,11.0224088748019,1013.5436163534247,68.87022181593403,76.53275843824338,124.0
0.03756396511031297,0.3648381873134328,2.784669758336456,19.34767234428571,13.597487046632127,972.1228131877956,49.36188046470963,100.91390099461385,77.0
0.03456706602536074,0.5519892601351352,3.3532031521987897,11.572771827875297,13.762494341330925,999.2597646657533,51.2839429898539,95.94858892278305,50.0
0.024451714836223503,0.6676778568376069,3.0791155958677687,3.932467158597663,7.924437869822485,896.365278596685,45.01266887768835,85.25015883087246,63.0
0.03419812594859239,0.6102513203392154,0.3038119691780822,11.145867335818584,8.82923976608187,807.7846702978724,46.36245498221091,92.96308418401016,62.0
0.03053932766089109,0.6063764003639668,4.484520873814858,27.58622783091084,12.433895414929884,987.8189151220374,50.89103188831296,102.96760807971205,98.0
0.038380124164180664,0.6728409826321885,3.6856235316214927,14.712056649295777,13.404334532374111,992.0218193972223,59.46741884569733,82.87849148961425,42.0
0.03571995436199938,0.634745169672433,4.869148938031258,15.543762455231938,13.883182076006808,879.5830713846156,54.41013178174604,99.40974160773483,61.0
0.028697433803301243,0.4958360780080597,1.2545596547619047,10.718850081542254,10.932809832707422,969.1224436091745,68.27675793521009,84.06359605157314,67.0
0.043242187925556064,0.9369460087649403,2.926826362002567,24.33478625994696,11.625746120175087,810.8139704890109,50.98141900954063,102.37551704925376,59.0
0.03700836148148147,0.48022416420274544,3.9628125518814126,14.581944593373489,13.285381498987165,953.9298243703705,49.229650562310034,100.01001189402986,38.0
0.03157746422045062,0.5449370395345225,1.2892469810970473,13.821317448311163,14.30780600461893,839.2537350396738,60.77379576260133,99.42465451904154,67.0
0.02271121751412429,0.6214951085910652,7.5097094007803795,4.41689923076923,4.464736297828335,882.3581050164387,60.24850634067951,39.24092375433789,114.0
0.037319973,0.876571589002796,7.248271364383562,7.5468065589041124,7.348457847840987,931.9735942193927,49.7374690501497,112.00858810679254,46.0
0.026767196529713207,0.6798663415892673,3.5349184536657985,24.16357458704451,14.427451531329027,994.9578015368953,60.85416803336809,98.42379313379502,60.0
0.03624518854194232,0.6820412810492507,5.5336371512030995,14.252965626823793,14.689775668679896,996.120948932856,52.76386621796983,98.09106771705963,56.0
0.030060337353549266,0.3122790682643428,1.3136030868562643,8.74628846796657,11.356914119359532,969.1576548806041,57.697459900878904,91.2898904173333,57.0
0.03199983748114631,0.5073428995391706,3.3373656490481527,10.332525469047624,14.20931174089069,990.1344083442626,56.59076589619636,92.76322066575341,48.0
0.026803916122794293,0.804006248843663,3.338311387614678,9.844406867924539,11.76913776646516,1011.5783505778605,67.16316371388368,81.7335104898345,90.0
0.035788134005409394,0.3164046340782125,2.8103253730973448,19.69578389337175,13.42646522531909,967.1653326839587,47.97314097725769,99.63419134269955,74.0
0.03449905587181108,0.5540584247281052,3.263335395233195,11.682716286058334,13.153981481481486,998.0981933917808,49.563846246966726,95.5148244843179,53.0
0.026389014792899405,0.6767979964804226,2.8448797323363673,3.0997793631105397,10.150920245398776,895.7239849835618,46.97978140872307,92.95072601385388,66.0
0.03425889894070376,0.6182693004429513,0.4209316651982378,11.156426808253292,8.10581527936146,808.6749378438357,48.93850560768175,95.88415711911357,64.0
0.029372357803762062,0.6511728751205393,4.453733275432033,26.619195216743694,12.213196480938425,990.4694419747542,47.82723499162278,98.29110085419015,72.0
0.03480695168067225,0.6768670730158732,3.733055178947368,15.15174423862069,13.024151363383432,990.832778849315,58.90320429963502,86.90362821393725,44.0
0.028773507950530033,0.9783243123156343,1.413888888888889,13.686818405228756,8.756586690810321,928.9232440395854,52.104152501943126,107.03163041105744,51.0
0.03340680849489416,0.7120227243947858,5.222545271784576,12.006855006663248,14.00577392247221,878.1350349750003,53.10764676747839,103.57035849227643,40.0
0.02971893342646822,0.5410434185015729,1.6770570404294582,10.461909670046284,11.840126883425848,968.7924919128443,68.30157974250085,86.3337412539127,67.0
0.04442088923766815,0.8349778948685854,2.4307105319320934,21.327989947168007,8.755134281200638,811.1860409834711,52.910723717577106,104.0211755675799,57.0
0.03171269703622393,0.47121748649393613,3.6661303026936958,15.958034091974227,13.135534696614153,941.3550591166668,45.60611043137255,114.62989619131832,37.0
0.02907220855028774,0.9679918892607238,1.4887021224489796,14.068308013084113,8.6897512437811,966.3195377984376,51.79106538556389,81.86123192940039,56.0
0.031416425036056156,0.4849201886700944,1.4633377099415208,12.856704672095052,13.858603491271822,859.3007601825428,60.776465280965716,96.8556936463795,45.0
0.020179600000000002,0.6171400387426899,6.217178930259369,4.050464507122508,3.939313399778516,885.7282057178684,60.7304110498262,42.89872445480882,96.0
0.037893184237461616,0.9926283050139277,3.967840879781421,6.607004336470588,9.161144578313252,929.0907632444146,48.48886704674591,106.97572393576694,63.0
0.02546281731547242,0.6830798207321245,3.773218375692409,22.554067314726197,13.206065664997219,995.464547041912,55.01346966733334,98.03242457390317,55.0
0.03401283101022168,0.6751305762355413,5.530663297307371,11.217489221722849,13.374222411589265,998.1843389476857,53.46801028595856,98.80907444846797,59.0
0.02773400061218243,0.3713233038243627,1.1713083670360112,8.37734684769539,10.144693140794223,972.4555656254659,57.29211830021785,91.73684547935775,80.0
0.030416598212037266,0.6500760138312587,3.766613391672385,9.596194294442254,13.064231152441048,994.8853131505496,57.61290583757963,89.02764525900278,56.0
0.02724857868020304,0.7007288080808081,3.596694496088357,9.432552099883317,11.306865965834426,1013.024889634863,68.31678965352887,81.32381146143311,98.0
0.033409269724334605,0.31266594298245615,3.1292729003816793,16.309166737169527,11.862541806020063,971.3440636105971,48.45947211293095,98.63675725964261,67.0
0.031764158262388126,0.43351544168392003,3.492376244099022,10.978309366613415,12.058453473132372,999.1146362076504,48.93945237274221,95.04502236514945,41.0
0.024632034985422737,0.6070774991055454,2.81614667032967,1.0183759154929573,7.9879402347918935,896.1782400928962,47.36207608943947,79.90792168207282,77.0
0.03366078829717293,0.6430669504814305,1.5635465068870522,10.97127454067379,7.45756880733945,806.5144617010308,45.44297314069264,95.93563875869565,55.0
0.02728330483654738,0.557189088250126,3.724588737104291,25.16172840300752,11.452359002169207,990.1714368054359,47.902312972003706,99.82377490830291,67.0
0.032224799347299715,0.6104265340611353,3.1865732894545453,13.77310297534246,13.51598847677349,992.4144695683059,59.48372756808359,83.72255639363958,40.0
0.03155274985645932,0.5010515232600733,5.4184999950124695,18.93166697041846,14.451987433410734,1004.9249999285714,39.825215666666665,113.05679004761903,58.0
0.024545059113300495,0.9083510010972933,1.87536565,10.19185688549618,9.25365135453475,929.1773541928806,51.79008928941374,107.84119952303966,54.0
0.03342388068010833,0.6380552013151242,5.0136473788200675,11.38831053801478,13.185932495688593,879.6172887896174,54.2141275628931,101.17496444893948,54.0
0.028772982204515265,0.433330046716992,1.7875018425851863,9.819091810610383,11.392828485456382,969.5166910819675,68.36535034066412,85.28891533774433,76.0
0.040855982589771495,0.7488277786760988,2.25599144375,21.9414168841182,12.912546676624338,830.1285040243052,52.245736523213694,107.37234254842889,70.0
0.030135273795334573,0.4032484163454124,3.591140095251397,14.311316970341204,13.296968576709796,901.940675835165,51.64817811111111,118.1598754564607,38.0
0.025364880887926353,0.9370805520760029,1.7285904013282736,12.559010338912136,9.487772087067865,967.1960479223455,51.864038210342095,85.7297647364232,63.0
0.030089226335002998,0.45956891503442754,1.3583496624051137,12.641250857030716,13.005752496106988,877.6451773591382,61.097041250016,96.73827049956257,75.0
0.02983756025139805,0.5397534507799188,1.6507058396418854,7.096445878073258,9.768655020593668,1016.115423299435,73.82772191501415,75.25525074222224,86.0
0.017109961325966854,0.5038515361842105,7.977258508077992,4.103972200000003,4.228753180661577,886.0850456767121,60.82280082054794,40.346000541780825,131.0
0.03518072357723577,0.9215868129298488,3.927694730684327,6.966589915422885,9.41505376344086,923.449252050392,47.50142754513038,119.22078115498417,37.0
0.02885436147781446,0.5931371558935362,3.5622998793371314,21.880387971530254,15.833676168086981,994.7519361898567,52.8489237555938,97.73316742095645,85.0
0.037665211621041327,0.574847962678758,5.345723624634573,12.097246234977204,16.145042016806734,996.9653618320087,53.99479725499573,97.84901150273973,64.0
0.030279945768025077,0.47290847709090905,1.246096328104575,8.518908842452827,11.450621799561084,972.7631030350528,58.287694011565485,94.92447434600516,50.0
0.03340385637390052,0.5312317706043955,4.212453462251043,9.813822628526026,15.35931034482759,995.6558735308992,58.48211297059315,87.94463975616438,50.0
0.02976974964945826,0.5734045142255005,3.512248118113912,9.462042409538743,12.657994877424077,1012.5311823255811,68.12941810976746,79.91074342662567,97.0
0.03643768513480088,0.2949579278386981,3.1015322857142857,17.494469097457632,13.92516990291262,971.5984866837301,49.98283600446258,94.56134232744368,68.0
0.03860672899066253,0.43871176526717554,3.371565387489846,11.064056243309004,14.606800853918882,997.5206086739724,61.62225400131508,94.66097247189295,50.0
0.025806359861591695,0.562713030263158,3.003628780783906,3.468495607476635,8.68894557823129,895.7730791863013,46.63493750926595,81.9543098888889,67.0
0.029458224936386765,0.5002565362836724,3.910276076420232,26.19490251445088,12.552208073692764,987.8009739489066,49.5487401095078,98.97425467420118,73.0
0.035650416629010404,0.5713699561403511,2.951987533169532,12.695051714285716,13.812686567164175,991.1367135232875,58.36535542816701,80.183636041841,54.0
0.03486480954231852,0.48740160304493135,5.5526825800340545,19.526696031746024,16.707973421926912,1002.2122559283748,55.705703903581266,118.51712816807908,69.0
0.02499886455981941,0.8256805959967319,1.6121376269592473,11.442767934210522,9.914866760168307,928.2768968554032,51.01842994348246,106.1616507966789,42.0
0.0354711339096148,0.5772661920965972,4.706008179174485,10.416811337444491,14.690719602977666,878.1207474164383,55.15139844472789,98.60814711275336,55.0
0.03107724203240696,0.4102761074136479,1.7640059916679292,9.966604834215168,12.13292444940061,979.2937857947443,69.17062833316245,85.5754469250342,71.0
0.042943913043478256,0.7232807193259609,2.1144521912919356,21.492635960846563,10.299777282850771,836.9137652895864,52.859224432537495,112.14814363243077,45.0
0.033127916786226674,0.46930150563380285,4.827285065753424,12.430204488078537,9.971075581395349,984.6906994285714,30.913169642857145,94.75042782589286,91.0
0.03171113984909634,0.4667573446691175,3.785446503450439,14.231058017302052,13.83044140030442,902.0121992395214,50.29961566986301,114.74760964548021,37.0
0.025037983794089606,0.8966820578734858,2.475902563076923,13.128362062289563,9.625332225913626,967.2910049719009,51.47469716904404,67.43737714616402,55.0
0.03645767573313783,0.5740904400944996,2.1539545084348646,17.444889535448347,8.93803720333547,856.0993788571428,66.64023897081563,89.63725509981427,65.0
0.03166339687960356,0.46419374001584773,1.3016915753828604,12.647926877664377,12.807759103641454,873.7923084155517,61.05282008227377,98.20064624672766,52.0
0.031731345142349605,0.5330661193212185,1.463269974795563,7.040217449561957,9.217467315293403,1017.76268610137,72.73847271805556,74.11289706146727,81.0
0.013738585635359117,0.39918968409090905,9.315689452328161,4.099948064102563,4.144494382022472,881.0482876383566,60.61078364255909,38.704503383561644,93.0
0.03608999596774193,0.6417016340782122,1.184683893939394,6.457556292479109,7.681828703703704,928.1084237718526,49.65516309004546,117.62532701563782,44.0
0.026229576162628783,0.5147287887811635,3.0703741133093527,21.010135215015328,13.034773840391821,992.851721115411,54.12849968377089,99.67110632957552,66.0
0.034457245056119724,0.5919433825691284,4.803068475640382,10.281123450647245,12.967822275353658,997.0744155152775,54.510934374598385,94.14898304624737,54.0
0.03233995317937362,0.40584709628378374,1.3988063942953022,7.692232487636008,9.515859375,972.9372718917526,58.964043571995234,98.13031731977418,55.0
0.031643688526953005,0.6659645893854748,3.453134252256771,9.398989345218796,13.633561151079139,995.0708893758574,57.81165507561019,90.90613050821918,56.0
0.029079994248741914,0.37335228061224485,3.16805366432052,8.905083813739047,12.632566302652105,1012.9392032790483,68.89093056816101,83.65598168022746,90.0
0.03345620379575237,0.2851261924107143,2.9664390335538755,15.039611449315066,11.840297029702969,970.7499816236065,50.75648322468782,98.71454171212821,55.0
0.037558506044905016,0.4148969109384339,3.1586974048601553,10.417101755962667,12.164536849222443,996.7504859096211,58.62833807008943,98.3372818411095,46.0
0.02854713259668508,0.5365641656626509,2.3357904108761325,3.4362955643044613,8.957455268389664,896.1046247982194,47.619713424920114,75.15412886037736,79.0
0.028533588814493895,0.47973179610027844,3.249326879262243,23.933186238879724,10.523414768048307,988.0945165329819,50.804837530678306,103.56411457214308,64.0
0.03567449573218047,0.5590739849383841,2.8369600484848485,11.85333315815486,13.090044461627686,991.3772502027396,59.56129423588168,84.97568237909515,50.0
0.03314017800486617,0.4263040049554014,4.36008898169108,16.827247491727935,13.287082884822393,1001.6339040931509,56.30811033057851,121.03181423287673,56.0
0.028205595413595415,0.6910835326418548,1.4929944602739724,11.085933294117648,9.258490566037732,928.0552456654476,51.51341399927883,106.6122414479042,48.0
0.03686025074183974,0.5786553159912378,4.596791418418099,10.82434728075855,13.794865810968494,877.3270097075206,54.53879634785991,103.7949728257989,55.0
0.031139956829731464,0.3754428434610303,1.429368573401381,9.403942591506423,11.171994843699643,987.8333861577482,70.17151293225972,86.35436084784064,70.0
0.04204808774075207,0.6472180664615387,2.015380301628106,19.208403753390254,9.183786472148537,835.0486928016994,52.57301968767427,101.21978667478561,50.0
0.03007674447513812,0.3988476830985915,4.3006262273972595,10.560104627808993,8.33160237388724,988.1395107457507,48.68832900709221,103.34887662818696,56.0
0.03323044176912568,0.46512217305194814,3.1850760625199372,12.490314270484834,12.693665507918116,897.3582728444444,51.23108669037657,120.87032580924854,42.0
0.02756676422764227,0.8040427522222222,1.3050023760683762,8.004152744471742,8.99862227324914,990.816966929862,50.98911688379204,88.83511519863013,52.0
0.0313652250249791,0.4352489231526705,1.0555401956246604,12.127261068082655,12.935788973384035,850.9975836099491,61.12142524568606,99.3120317869745,40.0
0.030982703626042028,0.5053634827788362,1.3560690408706733,6.252803372163387,8.886359033704611,1016.8590052472728,75.0091598171875,70.44136460217118,71.0
0.013047545454545454,0.38441906035665296,6.501774284914361,3.775989706371192,4.011563169164883,881.0431091863015,59.890560140929544,36.91451700479452,92.0
0.0374430303030303,0.551732553030303,1.33508343019943,4.551912664285713,8.677244897959184,926.8794313408234,50.32751389591078,119.02959680409836,41.0
0.02897940342389282,0.44098256812420755,3.048993679965753,21.26432800208876,13.880427251732101,994.4841757654829,52.784627418232425,100.06376350197807,63.0
0.03872531814526938,0.530644225290116,4.334369509831013,10.361727297637799,14.199622271964186,997.5970388373198,53.81557189613012,94.88542539854015,53.0
0.029650385943279907,0.43101588469601676,1.918463049228508,6.648731407678243,10.368832309043023,975.2546089161676,58.50632722034563,96.54076356102607,40.0
0.03657296671991478,0.5910625900277009,3.856613650840752,9.066264208246343,14.523983169705472,996.1220376657536,59.349659913163784,91.09351985068491,61.0
0.027007784677084767,0.3817268511235955,3.924993846581876,8.599790668741358,11.072648870636552,1013.3670344840186,67.92209850973123,77.48576124337899,89.0
0.031026384128809672,0.1580176091954023,0.5724147054794521,2.280341910852713,4.581818181818182,1008.5401954986303,47.08107182182103,107.96310099918794,26.0
0.03676630767269948,0.2694528091236495,3.5188370495552737,16.855735866666667,12.057824865968852,975.0946635381313,50.014078339761355,99.15620393721902,64.0
0.038097587426326116,0.4176693910958904,3.0340251697060734,10.07249440096785,13.234169577643693,997.9371004602745,66.42305074053031,96.19874821300701,46.0
0.027985577669902915,0.41408808408862025,2.4612035082493113,3.460020439597316,9.524907292954264,883.79143186629,47.370942048975955,57.71457656537753,68.0
0.0347605322079676,0.5268281709866219,0.15702207826086959,12.07298375073834,7.513549618320611,882.0981884021737,47.84787499558498,111.18718639506177,28.0
0.029590748674744413,0.4558898410942956,3.277313973413247,23.51728183902977,11.570173137460646,990.1057963652738,49.26771161697994,102.5418986460674,57.0
0.038936127057274526,0.47913547464412787,2.571312197506033,12.489748668515952,12.816313276026744,992.6542872328768,59.54116644665888,85.34377923243646,45.0
0.03574542054135622,0.40399690894568663,4.01638356733429,14.77205740974605,14.637020766773162,988.083235443836,55.94148226849315,118.55870116301371,61.0
0.024742653932584267,0.5659585523215523,1.2103924267100978,9.175625560296846,8.32125322997416,929.4686171866052,51.56583013187304,108.06761307044988,43.0
0.04114254236239949,0.5142900475888326,4.681308787020648,12.942518958133153,13.95280600972161,878.4560373315066,55.993456387071646,100.37700243325526,65.0
0.02811103271190653,0.32898038786020845,1.2327130815290435,9.36166121208485,11.345885865958854,993.4093782598173,68.6524893738815,83.02495283580315,82.0
0.04267895115530857,0.6410803725609758,1.9331138869323445,20.35872533944955,10.791262458471762,849.073483451096,54.77458137065733,88.59534703862127,42.0
0.03142990921595598,0.4606910865800866,4.558462217032967,10.765984500000002,8.648706896551722,991.7437767049565,47.87196526226634,103.48713432912507,64.0
0.03609819142367068,0.36654623935029107,3.4380839281307836,11.00355619698871,12.663220998055737,897.3243022742384,47.925939763765534,117.9236580825826,46.0
0.025129342317224294,0.7971919777777777,1.230044636627907,8.181896307167236,8.828427205100958,982.6363657630436,49.12489138573154,98.53132659876195,44.0
0.03262488821414307,0.4098706633509019,1.0211373594594593,11.632942904056367,12.76633701392224,941.6312155361918,61.9668409173232,99.53966939243725,51.0
0.029326309606664568,0.43589614610526334,1.2441019949861465,5.217228160199884,7.690383147611057,1018.1167622256271,72.72140873103449,70.43672339275957,79.0
0.017330289808917196,0.3792017988668555,14.874007536509458,3.423395120738637,4.971338912133893,881.3488160218582,59.69823838166895,35.23260250204918,90.0
0.03763457650862069,0.6932491454545454,1.175363855799373,3.04186197385621,8.908613445378153,927.7811657488777,46.70054467709058,112.53023623403263,40.0
0.027155114128333983,0.4114928584070796,2.771654795850928,21.48002889119737,11.74102780117945,993.7307286282285,50.954714366258095,101.16839570959654,56.0
0.03458481112477794,0.5362371932251908,4.328191347899162,10.08322308418079,12.45813318777293,997.9717656315958,50.331254611981876,97.0603360550111,67.0
0.031225645487364624,0.25994115943396234,1.4909184791881664,8.758305773972605,10.991473812423875,983.8813974502558,47.58361099925594,108.32361641346154,62.0
0.03416673511472554,0.3871589122562675,2.7456760507246374,7.750259814918671,12.22961267605634,997.2048380451561,56.32985661259956,92.76714817039104,39.0
0.026586411508638275,0.28289994999999996,3.606482111033274,7.939182246517118,10.024253578732111,1012.7887849649121,67.1808928913649,81.94926507255083,77.0
0.03006188572196827,0.16336098041349292,1.1924305570216776,7.016261508695651,5.583783783783784,1008.3081749426233,47.34114005887032,102.65423545344467,42.0
0.03526138961377872,0.2721030418250951,3.7961833114754104,12.793247804407715,10.709150788049866,972.4006162794636,48.188542405075324,102.52454405346249,73.0
0.03476189469997664,0.3169395382513662,3.5977689848286682,8.950556092862081,11.94418933239138,996.5438445491804,60.25514499883125,98.65849616921676,53.0
0.02616217381489842,0.3909698155286343,2.4023608360433606,1.4968419147540981,7.882542579075427,881.4268483736262,44.41758640829188,61.04504826559355,70.0
0.03452153352932942,0.5247661407307174,0.00659176404494382,14.592011724489796,8.314035087719297,879.863885748634,50.37745676836157,134.44786137142856,29.0
0.028819078614923218,0.39261253089887654,2.6827118527694496,22.971279414438506,10.370204402515721,990.1077756726677,48.77467635148034,102.00278830115812,70.0
0.035593992457503096,0.4704575401353964,3.0913376348160346,11.205370983425412,11.678003802281378,992.2712320245902,56.93613112964236,91.51414954085466,52.0
0.03157348725895316,0.1749199019607843,0.7682100785261756,2.707108855009335,6.936694677871149,945.2165772980852,40.33211494963276,108.26703835697029,90.0
0.03464979217791414,0.39965013864858534,3.7305642575919986,12.915462332402234,12.8076707530648,987.121966971311,53.9779492773224,118.18370635519128,53.0
0.025540031828703704,0.4694630097222222,1.0640933846153846,10.879911677033496,9.184423676012464,929.0036863415299,50.83968517722086,108.12638246840692,43.0
0.03655359061833687,0.42171052324521424,4.540883938908362,10.970853762037681,12.274157303370785,877.400513933884,54.426622129759124,103.0792300614241,61.0
0.02902189062347069,0.25850164919354846,0.964168918596776,8.232225419990666,10.810948477751756,992.6879116206583,68.84615504556174,85.81434294716352,64.0
0.03993069248895434,0.5475153329815304,2.0170741200733278,18.20430679832304,9.678804827789223,833.4891685407122,52.764466163126585,117.07150252459016,48.0
0.031107495786516857,0.4070633183060109,3.5656970355191255,10.088411999999996,7.804516129032258,992.3119495882999,47.202101463641334,99.797601839701,66.0
0.03315033451536642,0.31420452813852806,2.799152185127567,9.373846434426211,11.291001540832045,896.7049596648353,50.08625601780821,117.57333975857144,42.0
0.024599180851063836,0.6437299669876204,0.6544089945355192,10.610544990990988,8.645682989690721,984.6238568577118,48.32367422080725,101.35460612960897,44.0
0.03130179021475378,0.3711781701213741,0.9425044712665587,11.024119810853282,11.394292756920757,979.8208782094295,61.5817259867501,100.13418789003713,33.0
0.02858665193688735,0.37647454813108033,0.9872946343108909,5.118711595509073,7.141054360812426,1017.7101455934065,72.59332383720928,75.9964922140845,68.0
0.019748714689265538,0.3480702572614108,17.58833756982671,3.8378729901269395,4.639047619047619,880.3205479616439,59.55299035753425,39.35254825616438,95.0
0.03660292361111111,0.43902887517934003,1.2822401150943397,8.035483162679425,8.923943661971828,927.2306781454259,45.42378320984454,103.98813199545256,46.0
0.02688539992360579,0.4039743162688441,1.8486928574395771,18.66146217103237,10.987249143416546,993.7703636969137,49.45983795862069,97.3312711777126,34.0
0.03145177691904634,0.5820941655808902,3.05773758300151,11.01137660273037,11.954173486088383,997.8558175992437,51.4534742950419,92.32354632603489,32.0
0.02993190928859894,0.24320713125590174,0.8190706289190455,8.067425764786794,10.639972838388411,984.1088830312667,48.40037955855181,101.5880862001992,42.0
0.02991805805186972,0.6362375823293173,2.1972933551691285,6.780205604625553,10.812771458117892,996.2084074722013,56.46498233129497,92.93272640069989,35.0
0.026816525216706067,0.22311771506849315,3.397025326544702,7.354691947914263,9.11160541586074,1012.0963937890411,68.08198127538881,83.3997001007463,103.0
0.029260327746741147,0.18534648920187793,1.266280182683159,6.589396315169371,6.416666666666667,1007.7574049056603,47.31551989926289,104.77118841768541,50.0
0.03281976624068161,0.27661938494318183,2.260620531645569,12.65824750684931,9.846049119060337,972.8336551090418,48.0046983097502,97.39040142990994,60.0
0.033637732911650696,0.2854745175740869,3.4240265831272323,7.977420044688905,10.904721603563473,996.0025830027399,56.41807142064072,95.02864019423595,47.0
0.031060497658079625,0.3458146974961676,2.051795887966805,2.0298786240428797,7.6068639798488675,896.3117431068495,44.36752976244052,79.29006396986301,70.0
0.02748111991294885,0.3604279331379862,1.551949800197824,13.749493254738795,9.221099116781158,1023.0997880054792,51.42495909589042,94.85225318405797,32.0
0.028166934568009085,0.3703832272982062,1.9801031733668342,17.758488195073234,9.033316075588925,991.2139414833651,48.37104682970811,99.0554152931503,65.0
0.030972901159640177,0.4132537724968314,2.2973430731272293,11.00555569009008,9.389607881012175,992.0018946054796,56.85852101437589,91.17795195014503,45.0
0.030610921043478262,0.16611927146814404,0.8703579074652782,2.6713563073308246,6.242285714285713,946.3640896109835,39.408052289098535,110.3098225785714,77.0
0.031494261516035,0.3406948024976874,3.3064476087539623,11.027347958005251,11.93205056701988,987.0075994698632,52.59231566200214,101.7686392190041,50.0
0.027462772300469493,0.44601508803301243,1.587532624657534,10.35954348414986,8.786423505572444,931.7241242286257,51.01840049958212,105.17760553142388,34.0
0.03149144995708156,0.4018146849315068,2.966794588888889,8.371150168451106,10.835612903225808,877.1099315123291,52.80175103508772,97.74545149546043,51.0
0.02887455558194775,0.22371894704871062,0.8106119197405753,7.265805470588234,10.004713804713804,992.0294365439163,68.87035701850262,87.29681614350471,63.0
0.038703008058227184,0.4836732152317881,2.386591370267775,15.222811171178039,10.017320160543383,853.8583741959413,52.283074075137286,115.3645036581777,38.0
0.029772787794729538,0.37905515479452057,2.774082843835616,8.67233310043042,6.990416666666667,992.4368365208563,46.46106488858396,99.79737209522506,49.0
0.029730398372735653,0.24598348275862067,2.091943411025537,8.607947716794738,9.294756097560976,896.4989298547947,49.85026768356165,112.66125708167333,39.0
0.026737826146010182,0.5459913517730498,0.7293208044077134,7.435427554347826,9.03686006825939,979.2691409691586,49.76237237377902,86.97310342063494,44.0
0.03137637363159622,0.3441388312982398,0.713500387535145,10.037476477281274,9.952694295054316,979.0523237935282,60.58689958647134,99.8215227891334,67.0
0.039695444055047414,0.38250404668567356,1.6205916465753423,9.564685562587249,7.023192771084337,809.516560986111,50.22448533949065,97.19891342082467,56.0
0.030235456073833888,0.3026718443078724,0.912615461847947,5.693844660183068,7.5112496199452705,1016.8123287753422,70.99041014423076,81.86864862776243,69.0
0.02095253698630137,0.2869611383561643,17.520822748189293,2.6248878674033143,3.5962962962962965,881.272448857534,59.56047399144079,38.673022356849316,77.0
0.03595492679459845,0.3124475673076923,1.4117763425414362,7.220643641744548,7.50235546038544,927.5555303746736,48.28296130612997,91.34733783609174,27.0
0.02977674815252735,0.41414616876818633,1.8649426462856005,17.1040148350378,11.89504605426936,993.2464476112181,53.60494591956019,101.21238628496202,41.0
0.034228521515988944,0.5667713135192003,3.0700245268862028,12.527882451612902,12.947569510119159,996.3798950537512,53.90247211303927,97.39195897752896,43.0
0.03275160074626865,0.24711439962651727,0.8914380322295806,8.722203988405798,11.551835568256752,983.782388552537,50.10504463904863,102.83725911930927,49.0
0.034061291965238605,0.4345440441379311,2.379851219181233,7.260089791780824,11.687979002624678,996.0025108935658,56.86084162742283,102.04137037466309,67.0
0.028858716538563468,0.24722392520775618,3.5144815243492866,7.116121867421566,9.85218558282209,1011.3235993751496,68.19379298609432,84.04552108237286,80.0
0.03513183809055117,0.29895989971751413,2.479048112947658,4.731880135802469,9.32367847411444,974.0757257255523,50.59071734051554,102.42293835410628,58.0
0.03667430609780641,0.2656546481164384,3.673440983721672,8.86467405252918,11.99984139571768,996.081020441096,52.74753589214106,98.11776610998231,52.0
0.029673181261481933,0.32033148012232415,1.948102557493188,2.223386827493259,8.61011097410604,895.2311147643836,45.43297128622285,73.81283674274408,74.0
0.03181785321100916,0.34401689785932715,1.3941742926722247,12.54527580735632,9.20018867924528,1020.1698477835613,53.534961953424656,123.88320802499999,35.0
0.030956793798995866,0.3823385234595817,1.509368821130057,13.94390261562897,9.072079314040726,989.0872569920651,50.118089046531395,106.9312596454813,64.0
0.0358497514844003,0.45051467425431707,1.414566620101138,10.630961726896553,10.409355080614924,990.6322341369865,58.175392028104554,100.88346095557664,46.0
0.03248927840909091,0.17196172602739723,0.9384240194613379,2.9659724978861797,7.223249299719888,947.14062784098,39.80780423849374,106.50614405158731,91.0
0.035212897732488806,0.37233272670652695,2.8891623053183695,10.482407782712132,12.733882575757585,985.9597782068491,53.11547277767935,105.63160702014923,62.0
0.025051990229885055,0.4156325130111524,1.3237687589041096,9.054466978082193,6.9086297071129685,935.2903738626468,51.34864316505708,104.2224077066659,39.0
0.036463901710139926,0.4097115351598174,3.4965383975983992,9.964436389830507,12.372466960352423,876.3695995454544,53.2076673114241,101.58665634216592,63.0
0.029635280533535854,0.22132994738819992,0.883049250861,7.467039236584742,10.125100748416813,991.1519569268743,68.21032969995272,88.45741943355466,72.0
0.04098937520506211,0.45034341679873213,2.401922816235504,10.966673587008824,9.053904282115866,852.9714303488694,52.720442220893155,121.08946135341364,30.0
0.03209604532163742,0.37322161917808216,2.367268412103746,8.103303402282451,7.174789915966387,989.4962732694846,48.71047653761669,103.99451478979141,65.0
0.03599038785989361,0.23842744248985115,1.74795418084154,8.559722130110421,10.126463414634147,895.397704983333,50.25855256712328,124.33965761380146,37.0
0.024452556768558946,0.5603052136986301,0.9205572923076922,6.2895503900573635,6.928378378378378,968.9292403269553,50.03144065989348,76.0914601,37.0
0.031738148930633474,0.3606510500381972,0.852353468660969,10.175349183557811,10.952343129467843,985.0800183971016,60.08131109690373,100.05742619119347,48.0
0.041352497271593375,0.3386389883939774,1.7867685495495498,8.275910635931929,6.543395390070922,815.0662062215712,49.0244403837209,98.50355163017113,55.0
0.027392744827586208,0.4677239043927648,8.069759883615554,2.764821082503557,3.370434782608696,881.2135844712328,64.86056910213557,36.58595092694063,74.0
0.03837655684454755,0.2728661613351877,1.8679778266850071,10.417882034482757,5.625,922.7138638543366,48.026228448906764,100.06843962847226,36.0
0.0337885230994867,0.541027870300752,2.699266938017751,10.09256224322344,11.796996573271512,995.2310165032137,53.493432797462546,96.66143122906527,51.0
0.03211365635227611,0.21210491304347825,1.3597699009940358,7.783591549511854,10.64401944209636,985.9090753636788,52.86845731145789,96.19785915949493,62.0
0.033724618787547775,0.44109804518950435,1.8738496469633745,6.110071582062234,10.521505989731885,995.4493637378993,58.23342062953021,99.01008062785388,39.0
0.02847418508287292,0.22170284065934065,4.213625549167113,7.120034339110987,9.713273978146498,1011.5160896481583,67.84597850083566,84.59661919379015,77.0
0.03322078553563986,0.31601125950783,2.4208049186206897,6.897452532741396,9.283754320659401,988.6079865394213,49.32075190456,97.0497624038901,64.0
0.03768397232375978,0.2724397671232877,3.4688720797518835,14.242240404761903,12.07147368421053,988.9660480785778,46.411610078090135,96.696330344776,43.0
0.03181296564482029,0.22058435253906253,1.6365404971403432,2.082102070351759,6.020806794055201,895.0704040164385,44.97192698189912,86.69431798802819,92.0
0.029226179526355995,0.39579606750241075,1.6353180818746471,15.225837789176476,9.897915425848723,1011.4107513042993,54.75312937045204,104.35324386666669,41.0
0.03649216729387615,0.40533523831347384,0.5761799914285715,7.56965605283505,6.556103678929769,837.8913609506849,60.184225833289695,98.58542838324176,56.0
0.029445939559486645,0.329045290975448,1.4964260874064639,13.026948982975572,9.231882591093122,988.2913966756158,49.14124284316506,96.16930064996262,56.0
0.03551290173796792,0.43236782849829336,0.9311007019390581,8.957481210526316,9.634503684438668,991.3614743123288,58.984819222739986,93.64161805414635,62.0
0.0322272973372781,0.16659668405797104,0.6648036472452035,2.4774354737010915,6.0005763688760805,945.554026570155,42.23454758313761,103.869558708496,71.0
0.03312022555943163,0.31765580542883215,2.82021850354906,10.545469963946873,11.631342140532265,982.9232357379595,53.96346709484872,106.6988934056324,66.0
0.025565704453441293,0.3385338219178083,0.7413727345132743,9.404290394285715,8.543244990303814,937.6936677933146,50.07297696711767,108.3787045205508,34.0
0.029682987964513907,0.22795685287846468,2.592283589118609,10.1722815389158,11.333401849948617,985.5470426763636,59.88150130142566,96.76043354170038,44.0
0.03558654729931362,0.3812329245973646,2.4887726503635164,9.265283835416675,10.932770270270272,876.9241199671229,55.2897757452978,103.16723547484277,44.0
0.03203296871751254,0.2164084310318076,0.778738545540797,7.04656010805669,11.108853118712272,993.5241919026948,70.19957250117479,89.88701500451413,58.0
0.04079094551495016,0.43081096334716457,1.3469044281786944,9.04038688773886,8.312358318098724,843.7888054751508,50.38269943179574,109.96922087469085,39.0
0.031097033189033185,0.34560095665024626,2.6414781397260274,7.8983485317324185,7.554916067146284,991.0932658382275,48.20587114528946,100.53078784119933,43.0
0.03429637286628734,0.25422392289442464,1.1759001599366588,8.2032849663592,9.465016286644946,952.8483648398329,54.555777884865364,117.56794589385474,40.0
0.02548564700625559,0.6293883180428135,0.673831013888889,5.810815006389777,7.728645833333335,979.7257792312773,48.960521254209034,91.35996903194032,38.0
0.032697384843440355,0.35001500403278796,0.6906000777910379,9.633878302969208,10.481231671554244,985.3855660410161,62.246724526956164,100.49467277376773,35.0
0.042124608635205105,0.3107415437293729,1.12571125106383,7.561362102325584,7.334628975265019,813.398319866324,51.7040454246743,95.42103984802041,48.0
0.02894221152941176,0.23609376285189715,0.5062924294368041,4.545653058447938,7.111095927849137,1015.2727835245901,72.99368306740536,75.73171866969275,64.0
0.02455240336134454,0.4940953117370892,13.385340526267067,2.8521027584683365,3.751754385964912,881.2163932431698,64.45553028167727,42.56059847729379,75.0
0.03587669581280788,0.288592488372093,1.3558553214774287,10.515198832116788,5.944999999999999,918.7672682653377,50.147145154495796,99.24014822420075,32.0
0.03612807362332812,0.5634035360000001,2.499737088624736,9.528125848812094,10.695962376691904,996.124895747949,55.3615840771532,95.21150600060555,59.0
0.035700982169839815,0.22523656365313655,1.331495058769231,5.997578898113207,9.916741371582258,987.2090590413237,54.362552721793854,98.2748408166804,61.0
0.03513493552246742,0.3232794567901235,1.5044815329280647,6.06161285917808,9.676436031331594,996.0754521519106,59.787578288317654,95.3433919002976,51.0
0.02786571067961165,0.22201329916897505,3.1665144697053917,6.976247499299132,9.10199152542373,1011.8336641300277,69.08755172707055,81.71361872636304,86.0
0.03668946137826581,0.26920584498794337,2.088803780763359,9.962354576615827,9.226046025104598,989.7494946253366,51.861094191265195,99.85093364818245,57.0
0.030625324045407635,0.08429412560128274,0.37426552441297056,5.981087906315058,7.9911497105045495,989.1802561573772,38.44896243409743,101.44894085386669,67.0
0.03969408515198751,0.2751378306010929,3.6525969184357536,14.164931913407822,10.269263157894734,1719.8992449586233,51.55521626372761,97.52512690717693,53.0
0.029613555418211788,0.09607782819383258,1.1350846140137711,1.4531410574886532,4.855833333333334,895.1773135081966,47.26352905911473,88.84147544999998,52.0
0.02974838643292682,0.42539501836492893,0.9188540660330166,13.158453561456103,8.976806297441671,1011.3027107052915,54.848267222627726,103.86889918169399,33.0
0.03688030456006666,0.3299388605128205,0.481280128189911,7.335666911857952,6.830132158590309,844.0602558897488,61.913691122048334,93.96025687021859,52.0
0.029660318043345815,0.29079929776357827,1.2046128113739611,13.178988414067687,8.66575824175824,982.5564279510438,51.15979279508469,98.67982746084141,51.0
0.0328552510906897,0.342360711235955,0.6349534629120878,8.781099755162243,8.458478802992513,989.5488373673778,58.71831001516107,92.08579955319368,39.0
0.030418010072941995,0.17606139071038251,0.7975744256524726,2.8672365634019026,6.359154929577465,943.9090111082031,45.4207181473684,107.80157752164948,69.0
0.035963919091373135,0.33180370347359506,2.2133713722567276,13.805623148058253,10.742189260232825,987.8018365969143,55.58751916861825,105.64775483723106,60.0
0.028179006888633756,0.30248422253521123,0.6213998275862069,9.159995681690138,7.8756258234519105,936.8665081128559,51.78514209626229,109.22587716253017,32.0
0.02969224437039824,0.2265124038531443,2.200569708694104,8.681655422455929,10.883066076859281,986.4169530300545,59.36482928544776,98.50231612181302,60.0
0.0354696648408586,0.3735079317711922,2.0404185618535373,8.961232507951358,10.022697368421056,920.8101502987248,56.813655121584695,101.58255584636225,61.0
0.030949935474466776,0.21881579799612144,0.5433313472769251,7.030180979305503,10.349392971246006,994.0705356402544,70.63890721834956,86.12221524258833,52.0
0.04111400281650471,0.39330677878787873,0.931054285345717,8.177167825796033,7.868849139385756,3520.475550085787,54.18626536649863,113.57471007019147,38.0
0.032081997202797204,0.2910021122740247,1.650851378787879,6.989561291248209,6.74407158836689,991.558369289984,49.79938134919757,100.20867605111108,60.0
0.03397993209124152,0.2915566005509641,0.6803615276211947,7.8828599420026055,8.59364351245085,951.3754341597795,54.7124797634011,116.70708838161559,41.0
0.02700488346104725,0.6240157726027397,0.5866550588235294,6.9510670255536615,7.4554993678887485,995.4095290066855,50.066158015118766,93.27318232828782,41.0
